"Position control calculated for each robot at each timestamp. Each row has the following format: x1,y1,z1,x2,y2,z2,...xN,yN,zN where N is the number of robots"
-0.021490470627037572,-0.026127946118967398,-0.0003522627431994706,0.02321134101118425,-0.044220587690693626,-0.0024027635656035085,-0.03845574942535976,-0.03187170082397012,-0.002313011612873166,0.04207778393879196,0.0066301996225573995,-0.0008843757424866779,0.0,0.0,0.0,-0.003139279998568712,0.049897426714699794,-0.0006258820509890119,0.036439062015960526,-0.03421855688634686,0.0011336331032690595,-0.032579978384679444,0.037928048110367873,9.041565926405008e-05
-0.021408285206928706,-0.02622801319948327,-0.0007055233842384146,0.023145807528851897,-0.04428288375984155,-0.0018159845125178592,-0.038478550901792356,-0.031797113994998204,-0.0028887128772627883,0.0418781813100249,0.007093382357733535,5.152278090238466e-05,0.0,0.0,0.0,-0.003139525723521713,0.0499013324009845,-2.0070819621454548e-05,0.036442027767327384,-0.03422134191225705,0.0009372139188781607,-0.03265073024832117,0.03786610602167973,-0.0002963595894770793
-0.0213167373220051,-0.026371882459189786,-0.0005022505790942637,0.02310010562676265,-0.04423048008510066,-0.003170134299035803,-0.03853466268932367,-0.03181176853333744,-0.0017581678535931108,0.0417924390636186,0.007663388088783083,0.000629878887898512,0.0,0.0,0.0,-0.003136572301267109,0.04985438909851584,0.0021683638561619052,0.03186447227550672,-0.038517530336471574,0.0010272601337811384,-0.032773172226309356,0.03776049194070242,0.0002538318750933579
-0.021228761530556108,-0.02663046072426635,-0.00014032962191885915,0.023010315340284828,-0.04423095475608643,-0.0037613866200761135,-0.03861130506833376,-0.03172607322048689,-0.0016196909978044656,0.04129393636463754,0.008095790223335649,0.00024301803237919715,0.0,0.0,0.0,-0.0031385828347446037,0.04988634561303396,-0.0012254873179164188,0.03644071368570339,-0.03422010790747437,0.0010288833157360258,-0.032797054276258716,0.0377402408313959,0.00016568882997255324
-0.020805902742601332,-0.026471466524638516,-8.595183495662782e-05,0.022902337322702703,-0.04432623790494171,-0.0032661258934167333,-0.0385391604730793,-0.031787446632465,-0.0020715565689672388,0.040457621661460226,0.008223542076975855,0.00038351728170806713,0.0,0.0,0.0,0.003139142739418623,0.04989524504298352,-0.000781220175228486,0.036424405954400205,-0.03420479392845261,0.0018151372347971686,-0.032759095915044466,0.03777277890117293,0.00024250548864416027
-0.02006476121739453,-0.025548400765755954,-0.0008387157893375311,0.022872285283408775,-0.04436798272595342,-0.002888022635621349,-0.03836576579156868,-0.03195172029650816,-0.0026749925832059316,0.039503626674391244,0.00834385947565534,-0.0001663310796701027,0.0,0.0,0.0,0.00307348933603934,0.04885171407881914,0.0018025486808519143,0.03642328209174704,-0.034203738551173334,0.0018570920246445894,-0.03267007573323962,0.03785013781571448,0.00018226057118326354
-0.018760325343328155,-0.02395401955255031,-0.0009037226156318398,0.022882419372911293,-0.044427825303014555,-0.0016010067104899788,-0.03814435942719797,-0.032208131383355064,-0.002764799573436007,0.03848279626226122,0.008425601370256197,6.666616223425468e-05,0.0,0.0,0.0,0.0028981877284695607,0.046065374816099604,0.001045472877749242,0.03642861164252248,-0.0342087433324794,0.001648676260162174,-0.03258106433578505,0.037927188868021766,5.090497855356404e-05
-0.017434811911561043,-0.022362227772552815,-0.001368614071124023,0.046437244116496475,-0.018385805597098136,-0.0023546786215168257,-0.03800881288632728,-0.0323887355101836,-0.0025099711200596256,0.03771659225687693,0.008391023958548577,0.0007743283388193266,0.0,0.0,0.0,0.0,0.0,0.0,0.03643230132387374,-0.034212208173894774,0.0014873574259590765,-0.03255081464939393,0.03795266414788974,-0.00019937336403590703
-0.016612806896494334,-0.02143897529425304,-0.0018787405927079438,0.0464582627241957,-0.018394127452592193,-0.0018127051352615283,-0.037994416902324274,-0.03243175707115347,-0.0021460236555225108,0.036799911146789474,0.0081590293880999,0.0007539706178780244,0.0,0.0,0.0,0.0,0.0,0.0,0.03643263058534348,-0.03421251737099563,0.0014721018209409046,-0.032508937141890355,0.037989040976511956,4.209025443144613e-05
-0.01648489455891778,-0.02110507798057919,-0.0013092462792608855,0.048400724594488916,-0.012427193886041675,-0.0017130997773522245,-0.038018089443452745,-0.032460552225116214,-0.0009682067496819266,0.035779938346257395,0.008153504813877185,5.497407685158501e-05,0.0,0.0,0.0,0.0,0.0,0.0,0.03643526007319095,-0.03421498662444269,0.0013440661025952239,-0.03241664122260358,0.038067844726180654,2.3869402988567265e-05
-0.01637571357810631,-0.020686270762134758,-0.0010211450178675358,0.04831806877362713,-0.012405971478314,-0.0033846863468124525,-0.03776169253649621,-0.03276968086247141,-0.00045010326693130224,0.03456435936264203,0.008368754719501414,0.0006769955506912131,0.0,0.0,0.0,0.0,0.0,0.0,0.03638806560538613,-0.03417066806924517,0.00287647791571297,-0.032131025287299095,0.038309151076542855,-7.847153345129663e-05
-0.016105879802267926,-0.020114538438038468,-0.0009709675680311555,0.04839800178683639,-0.012426494787858835,-0.0017932234463946027,-0.037168588081984706,-0.03344373554626274,-0.00011230629273109607,0.03341110227622227,0.00864265182771779,8.927471207547744e-05,0.0,0.0,0.0,0.0,0.0,0.0,0.036373021939243626,-0.0341565411264207,0.0032146497921910853,-0.03168352170803718,0.03868012954199206,-4.5064299068734046e-05
-0.015554001085749133,-0.019272760145878483,-0.0007001524588730777,0.04837932088520902,-0.012421698347548603,-0.0022677567877721614,-0.036659678085151665,-0.03366545258087776,-0.00476500841738201,0.03218799628410628,0.008816999238140175,-0.0005631866296043617,0.0,0.0,0.0,0.0,0.0,0.0,0.03638970981033438,-0.034172212080463955,0.00283706564031341,-0.03125300037701792,0.03902692259940259,-0.0003863675120359477
-0.014557722723089616,-0.017765784781244118,-0.0005757884111370444,0.04955048584989101,-0.006259682079119386,-0.002359180431442754,-0.03620805094632766,-0.03411398092516727,-0.005021289884627682,0.030849895255216263,0.008907470382398405,0.00024387581100772293,0.0,0.0,0.0,0.0,0.0,0.0,0.0,0.0,0.0,-0.03114710821347801,0.039113190332252634,-0.00012645936450162608
-0.006451309110542641,-0.0198550878427458,-0.0013620060561151922,0.0,0.0,0.0,-0.03619782376313766,-0.034412641338054,-0.00234257784316416,0.029723309135460094,0.008768909788329206,0.0004508762367788907,0.0,0.0,0.0,0.0,0.0,0.0,0.0,0.0,0.0,-0.03138472516439339,0.038922448977363716,-0.00020491939881695978
-0.005667189705357987,-0.01744181645822934,-0.002947777360358273,0.0,0.0,0.0,-0.031601980337427164,-0.038746803820996774,-5.6929831364225095e-06,0.028880883280542814,0.008393941025447473,0.00015304142059852338,0.0,0.0,0.0,0.0,0.0,0.0,0.04039506793037928,-0.029348734773086,0.002624929355067758,-0.0315623884873405,0.03877579804093688,-0.00050310959310238
-0.005512505899432359,-0.01696574865526443,-0.0015398234170614848,0.0,0.0,0.0,-0.03173313194106683,-0.038639418478147614,-6.0637294048182554e-05,0.027813281672962133,0.008081821496029283,0.00018469405873481142,0.0,0.0,0.0,0.0,0.0,0.0,0.04038027137900571,-0.029337984449245288,0.0029523468315382512,-0.03164204008594645,0.03870752991415667,-0.0007130407730450749
-0.00740139997567593,0.015728775581114435,-0.0008844146521890919,0.0,0.0,0.0,-0.03185249521439769,-0.03850812779941918,-0.001594566398859632,0.02658482064544245,0.008099843843943317,0.0006830190206652294,0.0,0.0,0.0,0.0,0.0,0.0,0.04374382465188669,-0.024048371107079494,0.0028554600191868585,-0.0315817464255925,0.038749331516781504,-0.0010404805198271992
-0.007200889592778,0.015302669327615164,-0.001812179718277946,0.0,0.0,0.0,-0.03186752055518201,-0.038522171312419105,-0.0007095428399233914,0.025506288630633863,0.008189791649489622,-0.0001551386935701985,0.0,0.0,0.0,0.0,0.0,0.0,0.04373005950262268,-0.024040803652233475,0.0031179569676051556,-0.03146053732545807,0.03885514764324535,-0.0007156066063592529
-0.007124845225220146,0.015141066820595399,-0.0024526563749792327,0.0,0.0,0.0,-0.031567738532136444,-0.038772458399364815,-0.0004175567460756427,0.02441802437997715,0.008290778824821172,-0.00015368284292204717,0.0,0.0,0.0,0.0,0.0,0.0,0.043722558645959614,-0.02403668002138752,0.003252057656323586,-0.031241882234866333,0.039033550092610295,-0.0005716306416099253
-0.00510320611491635,0.015706053446690127,-0.0018980751970544588,0.0,0.0,0.0,-0.030666775622348614,-0.039490343162960295,-0.00024833404953857074,0.022843991853772443,0.008885176061828277,-0.0005651428688296029,0.0,0.0,0.0,0.0,0.0,0.0,0.04640436239362678,-0.018372786802036502,0.003012616133507579,-0.03065949270693388,0.03949594775226939,-0.00025616030815768845
-0.004891341355372027,0.015054000764132972,-0.0011153802694758956,0.0,0.0,0.0,-0.030071537827352387,-0.03959047414387558,-0.005319489614731238,0.020994365304326978,0.009677828252541472,-0.0002751526673789859,0.0,0.0,0.0,0.0,0.0,0.0,0.04638368409597479,-0.018364599684821827,0.0033608522878962894,-0.03005461136334959,0.03995164003870404,-0.0007660248141145879
-0.004721405836604636,0.014530993015641236,-0.0032918828854417454,0.0,0.0,0.0,-0.029702114546734906,-0.039895962583689985,-0.005108479321035511,0.01970011396816796,0.00983819174270349,0.00040853765378954333,0.0,0.0,0.0,0.0,0.0,0.0,0.04639309372359742,-0.01836832521994998,0.003207098902069506,-0.02992778516722926,0.0400515144034182,-0.00045151852338180636
-0.0027701999183712958,0.014521896528487054,-0.005728934318660636,0.0,0.0,0.0,-0.029831477351836784,-0.04004961967491579,-0.0024720280947932954,0.01898426813642978,0.009416600009598122,0.0006714197032105655,0.0,0.0,0.0,0.0,0.0,0.0,0.04638474257268608,-0.018365018765398488,0.003343911214761146,-0.030095656144870177,0.03992452242033201,-0.0005329077951619722
-0.004519598885106657,0.013909895083328381,-0.0032063427042941664,0.0,0.0,0.0,-0.030324562925784195,-0.03970062524101338,0.0020691154711051647,0.018530811944010152,0.008964172740005518,6.439123895162686e-05,0.0,0.0,0.0,0.0,0.0,0.0,0.0,0.0,0.0,-0.030265451649574927,0.03978691631746008,-0.0010018614648103152
-0.004654197526141482,0.014324147104967423,1.9458162167418287e-05,0.0,0.0,0.0,-0.030275701718280493,-0.03977736580987815,0.001069137359203321,0.017828886599180315,0.008881514025487248,0.00025079077407717034,0.0,0.0,0.0,0.0,0.0,0.0,0.0,0.0,0.0,-0.029992838248619452,0.03999347497496684,-0.0009755066472615089
-0.00485152941950613,0.014931472224535421,-0.0006146473158613019,0.0,0.0,0.0,-0.029765370916901436,-0.04016300595913444,-0.0009775717394694457,0.01673780994819384,0.008981422787239198,0.0005834457136160532,0.0,0.0,0.0,0.0,0.0,0.0,0.04831654043753142,-0.012405579068300643,0.003407862692147774,-0.029260495190402303,0.040543781789364616,-0.00015868027233765557
-0.004984647176130864,0.01534116655260507,-0.0022530435983777078,0.0,0.0,0.0,-0.029464406129820125,-0.04025225127219412,-0.0034066169343155914,0.015563735913172302,0.008960547606389872,0.0007030069557420239,0.0,0.0,0.0,0.0,0.0,0.0,0.0,0.0,0.0,-0.028321004147057856,0.04120499622632784,-0.00026269771723459197
0.0,0.0,0.0,0.0,0.0,0.0,-0.03466962558016422,-0.035793488662152644,-0.004104050623904788,0.012865577194085381,-0.0023136082282728216,-0.00043616005749264736,0.0,0.0,0.0,0.0,0.0,0.0,0.04836187359805381,-0.01241721864560034,0.0026347415799697644,-0.030856053486886376,0.03933663497201936,-0.0007301453913506454
0.0,0.0,0.0,0.0,0.0,0.0,-0.03516915333810011,-0.03544870927961656,-0.002553363250778985,0.011954696019919752,-0.003006999429565868,-0.0011442445847097023,0.0,0.0,0.0,0.0,0.0,0.0,0.0,0.0,0.0,-0.03007650105898718,0.03987194540357464,-0.0023731948472695548
-0.007378520884205174,0.015680155036835522,-0.002462349810931655,0.0,0.0,0.0,0.009367163531486386,-0.049104390866359926,-0.0010074944258603973,0.011593136268476172,-0.008422906532009304,0.000266355080834018,0.0,0.0,0.0,0.0,0.0,0.0,0.0,0.0,0.0,-0.02587846050200056,0.04265564197381507,-0.003286562010384541
0.0,0.0,0.0,0.0,0.0,0.0,0.009369061069208692,-0.04911433810745234,-4.986931213729346e-05,0.009202430627188424,-0.00864165756437919,-0.0005226520405205513,0.0,0.0,0.0,0.0,0.0,0.0,0.04950555906086702,-0.006254006505786405,0.003176007666330286,-0.031104693412211233,0.039093253472454355,-0.0020531879287534367
0.0,0.0,0.0,0.0,0.0,0.0,0.015450802265399225,-0.04755267976836935,-0.00012392014546155675,0.008163218212193958,-0.009867635729624456,-0.0006701214619228352,0.0,0.0,0.0,0.0,0.0,0.0,0.04950079676765749,-0.006253404888245268,0.003250545595856174,-0.03215514992749313,0.038286718973518846,-0.00041651336500789574
0.0,0.0,0.0,0.0,0.0,0.0,0.021288622692306844,-0.04524062607868117,-0.0002833652652516403,0.0075785049471344314,-0.009160838807637474,-4.9758781165139844e-05,0.0,0.0,0.0,0.0,0.0,0.0,0.049496940934050965,-0.006252917783182365,0.0033096612164739986,-0.03209343443287437,0.038338905052452917,-0.00037393272362057096
0.0,0.0,0.0,0.0,0.0,0.0,0.021288889115200094,-0.04524119225614914,-0.00013312957171908942,0.0,0.0,0.0,0.0,0.0,0.0,0.0,0.0,0.0,0.049546254379017836,-0.006259147520034066,0.0024478050028765765,-0.0311467874756865,0.039096313814725635,-0.0011644209053914534
0.0,0.0,0.0,0.0,0.0,0.0,0.03187052191076973,-0.03852484308930026,-0.00032603386318206883,0.0,0.0,0.0,0.0,0.0,0.0,0.0,0.0,0.0,0.04951970410297883,-0.0062557934401644855,0.0029434595270560354,-0.030128386230529405,0.039847451854190696,-0.002112089929903683
0.0,0.0,0.0,0.0,0.0,0.0,0.03173978045250839,-0.038366803814672557,-0.004535934509337007,0.0,0.0,0.0,0.0,0.0,0.0,0.0,0.0,0.0,0.049483662347300304,-0.00625124030757151,0.0035055891538182736,-0.029682112039502134,0.0401805304855645,-0.002120659042152907
0.0,0.0,0.0,0.0,0.0,0.0,0.03174474928454136,-0.03837281010082449,-0.004449532315611783,0.0,0.0,0.0,0.0,0.0,0.0,0.0,0.0,0.0,0.04949363966448711,-0.006252500735850278,0.003359444494272912,-0.030024753943049584,0.03994929803086066,-0.0016024161447020645
0.0,0.0,0.0,0.0,0.0,0.0,0.026779151791317898,-0.042197191126944825,-0.0015080087312893855,0.0,0.0,0.0,0.0,0.0,0.0,0.0,0.0,0.0,0.0,0.0,0.0,-0.015449021727828605,0.04754719983720086,-0.000769100314891399
-0.0026369195731240956,0.013823216490947086,-0.0031733201490569967,0.0,0.0,0.0,0.026770788512040757,-0.04218401270752155,0.001958048603903395,0.0,0.0,0.0,0.0,0.0,0.0,-0.027798008778008355,-0.033602020367475685,-0.005153960108454862,0.0,0.0,0.0,-0.009368982430216213,0.04911392586741721,-0.00021084143840085086
0.0,0.0,0.0,0.0,0.0,0.0,0.026786250779935607,-0.04220837734306712,0.0009745004975148212,0.0,0.0,0.0,0.0,0.0,0.0,0.0,0.0,0.0,0.0,0.0,0.0,-0.00935874014019658,0.049060233902843295,-0.002346791935084764
-0.004367259164515304,0.013441041633206497,-0.005339241574638354,0.0,0.0,0.0,0.021284975795281234,-0.04523287602800539,-0.0009678489703396075,0.0,0.0,0.0,0.0,0.0,0.0,-0.02664990476094924,-0.03221420101418008,-0.000493914104320577,0.0,0.0,0.0,-0.0031295669424775694,0.04974304210908813,-0.003979393482182583
0.0,0.0,0.0,0.0,0.0,0.0,0.015406505479526909,-0.04741634827974033,-0.0037854332280036437,0.0,0.0,0.0,0.0,0.0,0.0,0.0,0.0,0.0,0.0,0.0,0.0,-0.009348265738316989,0.049005325165288105,-0.003329869836823821
-0.0024068935879571146,0.012617378048275358,-0.0031061891494299763,0.0,0.0,0.0,0.009336033579203887,-0.04894120194162377,-0.0041949051857198445,0.0,0.0,0.0,0.0,0.0,0.0,-0.026223930091669383,-0.031699286092486324,0.0036629934724184457,0.0,0.0,0.0,-0.009366646450711322,0.04910168023401085,-0.001136192089536833
-0.0022430434473396815,0.011758445531367566,-0.003354915829651301,0.0,0.0,0.0,0.009359448351225147,-0.04906394647506912,-0.0022649244694473176,0.0,0.0,0.0,0.0,0.0,0.0,-0.026943600114565393,-0.03256921771098213,0.0001451401101719024,0.0,0.0,0.0,-0.009369055026200848,0.049114306428895915,7.557727525093433e-05
-0.0021819034148668074,0.011437938256989535,-0.004775432069239688,0.0,0.0,0.0,0.009369008751406867,-0.04911406384793062,-0.00017437705541995668,0.0,0.0,0.0,0.0,0.0,0.0,-0.027082009435443904,-0.03273652583928546,-0.007540786822242784,0.0,0.0,0.0,-0.009365430149282645,0.04909530415863175,-0.0013927769707832386
-0.0022624622188063357,0.011860242296315448,-0.00554905143782337,0.0,0.0,0.0,0.009369064443655794,-0.04911435579692354,-2.6193583726812165e-05,0.0,0.0,0.0,0.0,0.0,0.0,-0.026649193040480936,-0.03221334069192237,-0.006930930270286683,0.0,0.0,0.0,-0.003135195647048194,0.0498325078062988,-0.002625207418452875
-0.002420213861190471,0.012687205365915197,-0.005662463691513101,0.0,0.0,0.0,0.015449833166670854,-0.04754969718916713,-0.0005735436692608311,0.0,0.0,0.0,0.0,0.0,0.0,-0.021627454979215123,-0.034079415900066606,-0.0014187533456803984,0.0,0.0,0.0,0.0031375971371632597,0.049870678398624885,-0.0017524041388316048
-0.0025901529859361683,0.013578057455445837,-0.004469498129596265,0.0,0.0,0.0,0.009368924518115114,-0.0491136222815516,-0.00027451731992816355,0.0,0.0,0.0,0.0,0.0,0.0,-0.02051384348890152,-0.03232464497736844,0.0017172505488152801,0.0,0.0,0.0,0.026766861363221844,0.042177824511174404,-0.0021368790949976278
-0.004573450121567092,0.014075632147239196,-0.003511883025191713,0.0,0.0,0.0,0.009368877831719035,-0.049113377542892606,0.0003166614968955233,0.0,0.0,0.0,0.0,0.0,0.0,-0.019207582294819496,-0.030266306696233595,0.0027915111028140194,0.0,0.0,0.0,0.0318423571752672,0.03849079777247352,-0.0021266820075547094
-0.0048087899373957365,0.014799933624056868,-0.0033904461619590053,0.0,0.0,0.0,0.009368902353869711,-0.04911350609250827,0.00029527611621587993,0.0,0.0,0.0,0.0,0.0,0.0,-0.017810486649377306,-0.028064836222756545,0.002679832300740596,0.0,0.0,0.0,0.03169255417146533,0.03830971704740945,-0.005286548007552904
-0.0049088342407241446,0.015107838329398878,-0.0032443163862343983,0.0,0.0,0.0,0.009368857463963686,-0.04911327077137994,0.00033338259860002525,0.0,0.0,0.0,0.0,0.0,0.0,-0.016121121211527038,-0.025402822249358976,0.002504694636864328,0.0,0.0,0.0,0.03625634380999461,0.03404697306999407,-0.005126515220163146
0.0,0.0,0.0,0.0,0.0,0.0,0.009368743940122678,-0.04911267565856456,-0.00041439913254659666,0.0,0.0,0.0,0.0,0.0,0.0,0.0,0.0,0.0,0.0,0.0,0.0,0.03640879319734793,0.03419013257369242,-0.0023312255373705063
-0.00305923326450789,0.01603706238999851,-0.004930135481082682,-0.04283012794843066,-0.023546062093661346,-0.010543391285658689,0.009368714868594334,-0.04911252326027597,-0.00043271320736880446,0.0,0.0,0.0,0.0,0.0,0.0,0.020663097531660686,0.011359633996743407,0.003416672846088978,0.0,0.0,0.0,0.03187119668138415,0.03852565874685728,2.098135428115755e-05
0.0,0.0,0.0,-0.03948564309639438,-0.02868799895517181,-0.01085738021864506,-0.036118518305534086,-0.03417649118753565,-0.00523641915063121,0.0068349728385712905,0.004147917489261108,0.001175136902919847,0.0,0.0,0.0,0.006906863433513748,-0.0010841628109015914,0.005708730500030248,0.0,0.0,0.0,0.03183528844440674,0.038482253144682295,-0.002372889076634769
0.0,0.0,0.0,-0.03126912148500904,-0.03779787485510769,-0.00967278129564423,-0.027195044826039485,-0.04168285501510104,-0.004792612513000517,0.011871218316558529,0.011147816019453964,0.0018393673018229251,0.02642196242328164,-0.04163435074465813,0.008274100541658797,0.0,0.0,0.0,-0.04008387473262466,0.029122639680491343,0.006719735445650042,0.03181781204349213,0.03846112780494402,-0.002892833340648823
0.0,0.0,0.0,0.01521658766662207,-0.04683184135354678,-0.008673759001738028,0.0031394557192645223,-0.049900219715179085,0.00033449987089654865,0.0,0.0,0.0,0.0,0.0,0.0,0.0,0.0,0.0,0.0,0.0,0.0,0.026749066820615064,0.04214978479874265,-0.002807679762001483
-0.006081094933148372,0.018715685763750583,-0.007606540224539296,0.015289409973326746,-0.04705596536803089,-0.007209026699230238,-0.0031383688145943476,-0.049882943860158374,-0.0013574067289760898,0.0,0.0,0.0,0.00862928535184512,-0.02655820946496131,0.016898709589344744,0.0,0.0,0.0,0.0,0.0,0.0,-0.0031392882877934987,0.04989755846815488,0.0006152462622305704
-0.006050287059292193,0.018620868877568048,-0.008134022116005349,0.015255458269147044,-0.04695147276701797,-0.007926550195783987,-0.0031385408327228425,-0.0498856780100157,-0.00125247392083335,0.0,0.0,0.0,0.006495599831350263,-0.01999140066502507,0.007336942644412931,0.0,0.0,0.0,0.0,0.0,0.0,-0.0031379683450796485,0.049876578579498246,0.0015748218529138853
-0.008687882850575288,0.018462690853189842,-0.007999528051743213,0.020970160066491272,-0.044563858549715396,-0.008620608908116245,-0.0031383390625941096,-0.04988247096565641,-0.0013747429900317068,0.0,0.0,0.0,0.0,0.0,0.0,0.0,0.0,0.0,0.0,0.0,0.0,0.03130635599006933,0.03784288363999586,0.0015196032230884316
0.0,0.0,0.0,-0.026177340309469617,-0.04124888797231789,-0.010643124323683624,-0.003138406698492942,-0.04988354600748346,-0.0013350060352432989,0.0,0.0,0.0,0.0,0.0,0.0,0.0,0.0,0.0,0.0,0.0,0.0,0.036411359845960084,0.0341925428171697,-0.0022545265276821664
0.02993782875953791,0.016458460637106476,-0.007668744259733804,-0.031521577452817744,-0.03810304169781012,-0.007385686715597677,0.003130527022623103,-0.04975830214601477,-0.0037830104555140708,0.0,0.0,0.0,0.0,0.0,0.0,0.0,0.0,0.0,0.0,0.0,0.0,0.04646433870790062,0.018396533104721984,0.0016225899557054874
0.030248016536284075,0.01662898781042601,-0.008065737473326175,-0.02630137823227053,-0.04144434046372639,-0.009518621045602091,-0.0031392380712767717,-0.04989676029947801,0.0006771232888341784,0.0,0.0,0.0,0.0,0.0,0.0,0.0,0.0,0.0,0.0,0.0,0.0,0.0,0.0,0.0
0.025356989229749608,0.013940122794656812,-0.011078240621179082,0.015278123440960268,-0.047021228993174784,-0.007455398587211811,-0.003127014434667813,-0.049702471159241805,0.004459388006230836,0.0,0.0,0.0,-0.01582597741816733,0.03363191395954871,0.006500518994737797,0.0,0.0,0.0,0.0,0.0,0.0,0.04380096987287198,0.024079786958166736,0.001280194612184051
0.026018559166479615,0.014303823945125015,-0.012723785737424716,0.021045795224685082,-0.0447245914425711,-0.007535610370482231,-0.009354075929659568,-0.04903578325494737,0.0028272290455474704,0.0,0.0,0.0,-0.01818381152395986,0.03864256648871722,0.008017703662253019,0.0,0.0,0.0,0.0,0.0,0.0,0.03640577303374661,0.03418729645129299,0.002418357121423076
0.026463728191935283,0.014548557687881387,-0.014281028281515637,0.0,0.0,0.0,-0.009331369677871931,-0.048916752914637596,0.004480716931829836,0.0,0.0,0.0,-0.03355274702618399,0.013284472319770684,0.011814833928786581,0.0,0.0,0.0,-0.02199338595959114,-0.012090966248756382,-0.0009666287830504979,0.03180193891740083,0.03844194049154778,0.003294524599726953
0.02092925844546079,0.011505957197336894,-0.013823751574792282,0.0,0.0,0.0,-0.005180534921149554,-0.02715731510503364,0.003592843160424252,0.0,0.0,0.0,-0.024694463635176307,0.009777229815403085,0.012042318932962062,0.0,0.0,0.0,0.0,0.0,0.0,0.0318577156396105,0.038509362966685744,0.0014542758080123518
0.00929096722930335,0.0051077524576800875,-0.013274938245254567,0.0,0.0,0.0,0.017367013977748258,-0.02099311364575884,0.003695405331426277,0.0,0.0,0.0,-0.0270239588310629,0.0069385733121910004,0.008646227236253022,0.0,0.0,0.0,0.003793659309522564,-0.01988705854471628,-0.004892899804551059,0.0,0.0,0.0
-0.010217625362439097,0.017879428173546458,-0.009715814613255673,0.0,0.0,0.0,0.010415194696660348,-0.01258980767734975,0.0033971107654199298,0.0,0.0,0.0,-0.02900940698974617,0.0036647403541048146,0.004620470889475617,0.0,0.0,0.0,0.0051089679155366125,-0.02678214772325997,-0.00748609622875482,0.0,0.0,0.0
-0.009767675819854172,0.017556227738900407,-0.01042203579806976,0.0,0.0,0.0,0.010776044956856,-0.010119379779987135,0.002327577139246072,0.0,0.0,0.0,-0.02944006421735366,0.003719145013991793,0.003561405167796881,0.0,0.0,0.0,0.0084768140603963,-0.026088951081377428,-0.005213249092093769,0.0,0.0,0.0
-0.009485328523263904,0.01754353363382895,-0.011385512743881677,0.0,0.0,0.0,0.010087722298685157,-0.009473001779794267,0.00386878857649775,0.0,0.0,0.0,-0.02965331733892927,0.003746085148292132,0.002866957993445931,0.0,0.0,0.0,0.011956213676976019,-0.025408247404955675,-0.002199478779587257,0.0,0.0,0.0
-0.009303684784422101,0.018026102771053095,-0.010010300065296936,0.0,0.0,0.0,0.010901824765305039,-0.007920639324856163,0.0045816170538467114,0.0,0.0,0.0,-0.029739269078663012,0.0037569433781490576,0.002919825372827186,0.0,0.0,0.0,0.01239428705193939,-0.026339200714532895,-0.0018919484513721877,0.0,0.0,0.0
-0.00940412374780007,0.01856417976364652,-0.008396763212622973,0.0,0.0,0.0,-0.01315641246627316,0.0033779925803368856,0.006657218654790178,0.02575587875003481,0.010197473788336825,0.005109546941978422,-0.029898658481805358,0.0037770789423789263,0.0033758010659637717,0.0,0.0,0.0,0.012699532732438306,-0.02698788080498207,-0.0026269647210720934,0.0,0.0,0.0
-0.009916616981083572,0.019069444965882684,-0.009358905147435254,0.036872599598145005,-0.0225032082521762,-0.00986766299840492,-0.012666416237926467,0.0032521829321526747,0.006522506229993589,0.024138381572719286,0.009557061351686356,0.005098647864153106,-0.0260260992224451,0.016574693940278905,0.002151667320263509,0.0,0.0,0.0,0.012537792018113126,-0.02664416429103735,-0.005643871837838601,0.0,0.0,0.0
-0.011116269857882242,0.019584327110470832,-0.008404073852515789,0.03580538922414922,-0.022662886989599763,-0.007489791874744848,-0.011418995402902775,0.0029318996987051215,0.005096124487321538,0.024016443403858497,0.006166374597352207,0.00501884851481271,-0.027010176984183495,0.01723949264133956,0.002629520083746822,0.0,0.0,0.0,0.008760182519360098,-0.02696106952248503,-0.006258995237272154,0.0,0.0,0.0
-0.01234325943581409,0.019867652814554135,-0.008796471073958565,0.03222005410112529,-0.021021128403901475,-0.007901136815169291,-0.00956020224730439,0.003785151839478725,0.004403087325399596,0.02507594897126139,0.006438409390627917,0.005082047971711205,-0.027065569175304307,0.01757931521275311,0.0037670765744481213,0.0,0.0,0.0,0.008398554735977302,-0.025848093646982616,-0.004169332837275543,0.0,0.0,0.0
-0.012691716264395771,0.019959177606320894,-0.009735756319646793,0.02812163793622643,-0.018518186759676328,-0.009123220688817456,-0.008665221969060513,0.003430804080000396,0.0031630555995155007,0.027070998699550902,0.007172856025885784,0.003492206259364641,-0.025611093695001034,0.017141900476357816,0.003957206379100556,0.0,0.0,0.0,0.0113987299534282,-0.02422353418764209,-0.001561446698928504,0.0,0.0,0.0
-0.012094360815647959,0.019799564183473433,-0.009685540383060407,0.0,0.0,0.0,-0.0076041333511684475,0.004180407685699052,0.003137290028527923,0.027402601635535987,0.006252387480352052,0.0055793995294832945,-0.027893433726352255,0.007161816521736604,0.007005119421398228,0.0,0.0,0.0,0.014502301800504592,-0.022851971026764617,-0.0016760535439349499,0.0,0.0,0.0
-0.010241931283857843,0.01895843620839524,-0.010336853808441356,0.0,0.0,0.0,-0.006955406853114888,0.003823767275393384,0.00430622837059858,0.022458603818718056,0.008891990290321939,0.006723458998992298,-0.02648184391602259,0.00679938185970419,0.0069392092669676156,0.0,0.0,0.0,0.014720607547756198,-0.023195965840815194,-0.0036439403841812133,0.0,0.0,0.0
-0.008379774558095118,0.01742375570761745,-0.01118094419378558,0.0,0.0,0.0,-0.006541308864593295,0.0035961149797399702,0.004165098990945406,0.020415286506707885,0.00808298373563584,0.006180195545325403,-0.027197221209407874,0.006983059529843512,0.005118261792259352,0.0,0.0,0.0,0.01475736082366157,-0.02325387973666992,-0.0021150121480661287,0.0,0.0,0.0
-0.006952087381169738,0.016167322025373847,-0.008649842650628,0.0,0.0,0.0,0.0,0.0,0.0,0.0,0.0,0.0,-0.02836189949780853,0.0072820980881725785,0.0017181492071194743,0.0,0.0,0.0,0.014622882109228408,-0.02304197519019053,-0.0014322519100271253,0.0,0.0,0.0
0.005668457307350089,0.0031162607754718144,-0.006886747331232602,0.0,0.0,0.0,0.0,0.0,0.0,0.0,0.0,0.0,-0.029114569492246122,0.007475350896502371,0.0012944096853528889,0.0,0.0,0.0,0.009360442898695002,-0.01989195370838805,-1.6252612266112108e-05,0.0,0.0,0.0
-0.006198836831717744,0.014322876374086576,-0.010227442151158622,0.0,0.0,0.0,0.0057966209521607215,-0.0022950445913441446,0.0015970576185262062,0.0,0.0,0.0,-0.02871121512077402,0.007371787096144782,0.004076574847718806,0.0,0.0,0.0,0.011651532568678579,-0.02476076709150619,-0.005717651220121799,0.0,0.0,0.0
-0.006314435918964316,0.014754593637356487,-0.010682304771809356,0.0,0.0,0.0,0.0,0.0,0.0,0.0,0.0,0.0,-0.027514596781298632,0.007064547726551808,0.0034640880638821436,0.0,0.0,0.0,0.014603888779363049,-0.02301204649130151,-0.0063964743893885805,0.0,0.0,0.0
0.005060654477230922,0.0036767806972490017,-0.013504553280854252,0.0,0.0,0.0,0.0,0.0,0.0,0.0,0.0,0.0,-0.026788436904043953,0.0033841665836306547,0.0034253940178252656,0.0,0.0,0.0,0.011378085949563832,-0.01792899458556458,-0.0017871815880179977,0.0,0.0,0.0
-0.005768812358162843,0.015156330435706083,-0.010309678600924431,0.0,0.0,0.0,0.0,0.0,0.0,0.0,0.0,0.0,-0.025736439376911797,0.0032512683899012067,0.0033612233898545575,0.0,0.0,0.0,0.013579006423694785,-0.021397090312637614,0.0010204100858078663,0.0,0.0,0.0
0.005729022310668547,0.00416237835259224,-0.007729317764501778,0.0,0.0,0.0,0.0,0.0,0.0,0.0,0.0,0.0,-0.025684611006231307,0.0032447209440472657,0.0063939200011877625,0.0,0.0,0.0,0.010226974646785698,-0.016115133413626206,0.0007595631944656207,0.0,0.0,0.0
-0.004703958979286431,0.013923978411989004,-0.005334358437561386,0.0,0.0,0.0,0.0,0.0,0.0,0.0,0.0,0.0,-0.02549763899219414,0.006546680985606002,0.006176410333608614,0.0,0.0,0.0,0.010035375742421832,-0.02132625901092417,-0.000953433698896765,0.0,0.0,0.0
0.006264417317121189,0.004551365594061789,-0.009407825812756596,0.0,0.0,0.0,0.0,0.0,0.0,0.0,0.0,0.0,-0.02596439474647182,0.006666523494255032,0.00496283883349047,0.0,0.0,0.0,0.005587091995801209,-0.01719530105616102,-0.00021079134614457854,0.0,0.0,0.0
-0.005540137776780456,0.014261230064655399,-0.012053053104225886,0.0,0.0,0.0,0.004404613042974486,-0.0032001386951280636,-0.000130563311981726,0.0,0.0,0.0,-0.026174481072587248,0.0067204644947114565,0.003962997605174085,0.0,0.0,0.0,0.00739650887350202,-0.022764113592547864,-0.0009427773894725702,0.0,0.0,0.0
-0.005879946820924846,0.014737419224564684,-0.012964270106752187,0.0,0.0,0.0,0.004405712601757344,-0.005325591691107491,0.0015072510023323162,0.0,0.0,0.0,-0.026702567720044423,0.006856054100271356,0.0026273509476418006,0.0,0.0,0.0,0.004613754127882865,-0.02418614613648063,-0.0012024878894452888,0.0,0.0,0.0
-0.0053279613415841325,0.01512057244689573,-0.011571274591153796,0.0,0.0,0.0,0.004524435068515151,-0.007129368876779864,0.002370119650898527,0.0,0.0,0.0,-0.02755824608154533,0.007075754962015748,0.0026495757331548666,0.0,0.0,0.0,0.004453132066552075,-0.023344135803807814,-0.0067255411080967605,0.0,0.0,0.0
-0.004829738603371248,0.01529590064397658,-0.008010994682936673,0.0,0.0,0.0,-0.005074561172266519,-0.007996228907478982,0.0035527463740173174,0.0,0.0,0.0,-0.028350991679314298,0.007279297436396447,0.002556765347250651,0.0,0.0,0.0,0.006971920070836658,-0.021457363624515724,-0.006047765018268011,0.002101067341172786,0.011781562532194277,-0.003115901333948533
-0.0048906332634642636,0.015467323417758127,-0.0067490035908626,0.0,0.0,0.0,-0.005730849288109791,-0.006927406780817473,0.0032937583448631466,0.0,0.0,0.0,-0.02838814420283847,0.0072888365831149885,0.003139263624670328,0.0,0.0,0.0,0.006499128903586765,-0.020002262032548852,-0.002794825991989694,0.003199159444075403,0.012626721529556411,-0.004188428864826171
-0.005580000600733938,0.015723606378081564,-0.008695236137082705,0.0,0.0,0.0,-0.006229228606280867,-0.003506193809531166,0.0005910955156259983,0.01320871050321869,0.007261550048611981,0.006522851345457437,-0.027902878017979055,0.007164241403680954,0.005653172133954634,0.0,0.0,0.0,0.008461769480859714,-0.01798217548314716,0.0018488931208032182,0.0018828485971242599,0.01358120024034869,-0.0013168925521554948
-0.006005966288308906,0.016168460598208593,-0.009779190201329356,0.0,0.0,0.0,-0.005784890292283636,0.0014853073765733417,0.0006480116162662349,0.01187151756868549,0.008130767542146427,0.005947869425827911,-0.02700530186644487,0.006933783017860165,0.004064160927193928,0.0,0.0,0.0,0.006094822428527586,-0.018757934650285864,0.0024548945992022278,0.0,0.0,0.0
-0.006321982507648051,0.016718405377402525,-0.009150532081899268,0.0,0.0,0.0,-0.006477061674197861,0.001663026781344338,0.0027172265643002416,0.015378571343139262,0.0031017686688942,0.006499517177889767,-0.02684152988140614,0.006891733519051422,0.004056394774702706,0.0,0.0,0.0,0.006292255221933465,-0.01936557030824966,0.00047400391381291116,0.0,0.0,0.0
-0.006516994276805151,0.017217966167354975,-0.010922938111691425,0.0,0.0,0.0,-0.008278373879918137,0.002125525147171038,0.0028422353481290003,0.01801324629101911,-0.0014835783556538485,0.00860647523128552,-0.026967083924643618,0.006923970318222531,0.0038122829611579004,0.0,0.0,0.0,0.006213780597220161,-0.019124050247683516,-0.0039749541579082726,0.0,0.0,0.0
-0.005907952170396078,0.017314950942058455,-0.013091019468949295,0.0,0.0,0.0,-0.00934430730491327,-0.00013951645654990588,0.0028347940656052177,0.01692094170609207,-0.0013024161090467313,0.007736143147611355,-0.02700323842901596,0.006933253217176072,0.003199991667234937,0.0,0.0,0.0,0.008240158435258774,-0.01751122803887869,-0.004529286300902826,0.001825203989399648,0.018785822977536035,-0.0010871338212048779
-0.004240911181974354,0.017593907767990143,-0.01121108119649321,0.0,0.0,0.0,-0.008640747092950686,-0.0019756563104799786,0.0030209991019931057,0.013438125913873085,0.002788597535211303,0.007054247477649979,-0.02698860867963539,0.006929496935972025,0.0033458004758361833,0.0,0.0,0.0,0.007970867134454933,-0.01693895489458031,-0.002740846417358146,0.0025583020907118887,0.01777538428793085,-0.0022349703761623666
-0.00311754996448039,0.016767531350078423,-0.010358573841185596,0.0,0.0,0.0,-0.007497429791803643,-0.002564590351720942,0.0022187076727405533,0.010060154935651914,0.006028152690404393,0.0053209416226614676,-0.026649979793102418,0.006842551815550443,0.0031609484184300807,0.0,0.0,0.0,0.007719690269291467,-0.016405176885513427,-0.0003245372257051046,0.0019345604019583192,0.01641203700082838,-0.0004850903793831887
-0.0018048974991382164,0.015643832452431557,-0.00826164547344264,0.0,0.0,0.0,-0.006070224442037334,0.0015585687343527212,0.0014132717066177387,0.008655562625245585,0.007099267842223157,0.003997048097515547,-0.02642295011100796,0.006784260500680427,0.004560425349351865,0.0,0.0,0.0,0.007499628186487569,-0.015937521154744866,0.0012202747711050278,-0.006536097645381716,0.013889914526754229,0.005159100892546333
-0.0018470127565994932,0.015065181612431726,-0.007504764423620455,0.0,0.0,0.0,-0.005269168451906406,0.0020862113731830736,0.0024895223246391577,0.010849931142696827,0.005678987410606681,0.003426644031870512,-0.026269072667884173,0.006744751488441272,0.003814964429417185,0.0,0.0,0.0,0.007357273486389525,-0.015635002018079172,0.00029988604182913274,0.0,0.0,0.0
-0.003427995773654971,0.014982512477493288,-0.00801802883347767,0.0,0.0,0.0,-0.005510463248118951,0.0030755104515265822,0.0035754133362828505,0.013321312577420082,0.002106409696949046,0.005162543243883736,-0.0269581407612296,0.003405605166428824,0.002936635271464985,0.0,0.0,0.0,0.007323521909594672,-0.015563276266375483,-0.0005400944778551705,0.0,0.0,0.0
-0.005756906098280898,0.016147365716496467,-0.00799445462027166,0.0,0.0,0.0,-0.005273568632079794,0.004040321702468718,0.0038336564352585887,0.01582807607145601,-0.0031230382183447844,0.005163456468879632,-0.02646156839670125,0.0033428734882644437,0.0009817618869602202,0.0,0.0,0.0,0.007422131855945106,-0.015772833069319384,-0.0002808656754684057,0.0,0.0,0.0
-0.008020679269988045,0.01730017455653711,-0.011054767654495538,0.0,0.0,0.0,-0.0047206417845926316,0.004069137182709458,0.004371760510833696,0.018456360493888175,-0.008342858263068855,0.0050280867449233515,-0.026088116875193204,0.0032956955896725785,0.00015158374225486093,0.0,0.0,0.0,0.007666923678146468,-0.016293042171401546,-0.0005086083912227084,0.0,0.0,0.0
-0.01009633578657723,0.018812772136016342,-0.010270199877162215,0.0,0.0,0.0,-0.0029183097570428494,0.0028545108792705945,0.0036477345744292252,0.02049901978361411,-0.01292892419220458,0.006220067062346063,-0.025177589447731786,0.0031806692257032444,0.0009198267658044411,0.0,0.0,0.0,0.0075487944641327055,-0.016042004813212263,-0.004726817693258161,0.0,0.0,0.0
-0.011602474796522107,0.019544789725256237,-0.010400859349390529,0.0,0.0,0.0,0.00045222954307146346,-0.000561153464997468,0.0035651873878931976,0.01853113717492898,-0.012618953709876706,0.008338013679597741,-0.024375612770896407,0.003079356010590356,0.003180252234381631,0.0,0.0,0.0,0.007301501876723578,-0.015516481314547931,-0.004953890581639342,0.0,0.0,0.0
-0.012257782957509353,0.019700432330065885,-0.009296521405165204,0.0,0.0,0.0,0.003334907438571817,-0.0037877081373776976,-0.0015990555280021644,0.014117796401369733,-0.0076509735288156295,0.008306623216913207,-0.023759609780401633,-7.641673327068482e-18,0.0040585378285266155,0.0,0.0,0.0,0.006835432269408722,-0.014526032982782962,-0.002451450472728983,0.0,0.0,0.0
-0.011876185379248842,0.01893155233825479,-0.009646577775130036,0.0,0.0,0.0,0.004304081335151191,-0.0052405577261933605,-0.0031511808962637194,0.007334334254470272,0.006887398303505923,0.003923393983871205,-0.023277854792136773,0.002940676927449395,0.0037428800223675267,0.0,0.0,0.0,0.006317741080389292,-0.013425883205826305,0.0014950484161693576,0.0,0.0,0.0
-0.01058100039787904,0.018309482271766053,-0.0094217018681375,0.0,0.0,0.0,0.003704514899816515,-0.003578297417524644,0.0012029330977821233,0.008199315201554798,0.005957151194450407,0.0013417946538899794,-0.023781183539572037,0.0030042621352669506,0.0030038251304568718,0.0,0.0,0.0,0.007783235033753466,-0.01226441594807005,0.0014478405067169754,0.0,0.0,0.0
-0.009698679708865883,0.018013012599431857,-0.010048979077298266,0.0,0.0,0.0,0.0012248962731163367,-0.0005496918599563391,0.006662631633648373,0.013040190108764865,-0.0042260165266940625,0.0030855044924799004,-0.02420549066604394,0.0030578645908244002,0.0019717668996299454,0.0,0.0,0.0,0.008070388561900586,-0.012716897505530324,-0.00038464585144048694,0.0,0.0,0.0
-0.010201023009250262,0.018248908665821083,-0.009526281321349452,0.0,0.0,0.0,0.0020005089882286584,0.0004963246553189623,0.004893134105685524,0.01487507195919111,-0.007693828936901878,0.0069966336706919095,-0.024566607486676235,0.003103484254321313,0.001511243487823742,0.0,0.0,0.0,0.006387770338310291,-0.013574702954194355,-0.0033943842972229484,0.0,0.0,0.0
-0.011292333134188901,0.018727973408946212,-0.010157663082366918,0.0,0.0,0.0,0.004850535886974932,-0.0011113735811278628,-9.869329821522705e-05,0.013687210609849442,-0.007996654449350242,0.008026275472059282,-0.023621090058468998,0.006064865111330795,0.00044297004141680916,0.0,0.0,0.0,0.0061854771231938015,-0.013144807989376053,-0.003257999692959998,0.0,0.0,0.0
-0.012188116809935243,0.018902566165083436,-0.010781934982692597,0.0,0.0,0.0,0.006360999474350082,-0.0037124869345034977,-0.0027702702438121563,0.009618677297718007,0.006988378119951813,0.007479601466061644,-0.02350262165355119,0.006034447594865529,0.0017786592868330158,0.0,0.0,0.0,0.005825266660007747,-0.012379321790002626,-0.0016094033774197187,0.0,0.0,0.0
-0.011140099897192357,0.019644353370886495,-0.009821463989185207,0.0,0.0,0.0,0.006318298402173637,-0.005089951429901834,-0.001557531436997574,0.0062829775187552,0.005900108612757228,0.0060825350086356296,-0.023475608408816784,0.006027511772465801,0.003244570622135391,0.0,0.0,0.0,0.006846597741546424,-0.010788511739307973,-9.724532835832205e-05,0.0,0.0,0.0
-0.009502439095747732,0.019785338134340483,-0.011443496137283017,0.0,0.0,0.0,0.005059931535576874,-0.004712444957637198,0.002350801880780758,0.00573341262673407,0.005384032828146547,0.0043114090456059,-0.022593424119238578,0.008945369423452533,0.0028653270842202514,0.0,0.0,0.0,0.006576735376926337,-0.01036327669577179,-6.71651672748369e-05,-0.010634568917700617,0.016757399213755873,0.004837591874047993
-0.0074964378586592426,0.02038023421098634,-0.010183906523408183,0.0,0.0,0.0,0.002824832957772306,-0.0029625458980180965,0.0052953660512958835,0.006680722150196167,0.004853828759904933,0.004517662121970758,-0.022685990939546347,0.008982019220297725,0.0021242752617777415,0.0,0.0,0.0,0.006389881147216509,-0.01006884154318044,-0.0006380450919999215,0.0,0.0,0.0
-0.003976286049006642,0.02084442143991198,-0.010017085845785001,0.0,0.0,0.0,0.002341188615028898,-0.0020197140376375243,0.004095808067410251,0.00739791268110939,0.005374898181296132,0.005978901114528931,-0.022499911893670586,0.008908345314185155,0.0016611786696051356,0.0,0.0,0.0,0.007057944391644105,-0.00962223530364236,-0.00018941049112683106,0.0,0.0,0.0
-0.003942915066583486,0.0206694846237677,-0.009883457536128072,0.0,0.0,0.0,0.0034201164454385788,-0.0026072102842823745,6.655006849630579e-05,0.006953547718073329,0.005052048137694906,0.006872161433272231,-0.022367053020008278,0.00885574276488493,0.00021836452999426419,0.0,0.0,0.0,0.007040136716615724,-0.009719584443334229,0.00019994713745872977,0.006771492897464927,0.020100155227798507,0.0012633482645858006
-0.004102300900608756,0.021505014425956995,-0.0095047910020807,0.0,0.0,0.0,0.0049713447105310515,-0.00507911388546913,0.0004936425548630458,0.004654197877888781,0.004370582721780694,0.007233439224217782,-0.02275608218852807,0.009009770308941203,0.002162007492839385,0.0,0.0,0.0,0.0067031590334593934,-0.010562488502003167,0.0003234280034149856,0.006938041049335027,0.019656240467220077,0.0007676727563044974
-0.011739576068067036,0.020461937826634604,-0.00779051362894853,0.0,0.0,0.0,0.007144411493285648,-0.00871994762037137,0.001559510917556029,0.0,0.0,0.0,-0.02335742477817356,0.009247858683064807,0.003309083384183793,0.0,0.0,0.0,0.006787674075030141,-0.010695662897893431,-0.0031748446047384624,0.005391596124074613,0.019230180842128665,0.002840491492358181
-0.01420441122944181,0.020902102418439625,-0.008893906125680747,0.0,0.0,0.0,0.00928730698823772,-0.01275254446352059,0.001918769005352443,0.0,0.0,0.0,-0.023579542278589414,0.009335801222723584,0.0031216833573229495,0.0,0.0,0.0,0.006828666063152125,-0.010760255935452509,-0.003881055646764782,0.0033239857833230095,0.01996041738239005,0.007365020201206763
-0.014500574601498324,0.022849249396626744,-0.008922287245376454,0.0,0.0,0.0,0.009937367913533689,-0.01515511696831472,-0.0033414120935387763,0.0,0.0,0.0,-0.023338283566644653,0.00924028014129819,0.002502159610377986,0.0,0.0,0.0,0.00667780705055772,-0.010522540169199894,-0.0019866735247784342,0.003334347662468024,0.021070180494655793,0.007882541180900874
-0.014317266117474121,0.022560401445211507,-0.0108687380280076,0.0,0.0,0.0,0.009425886260923711,-0.015261045210454068,-0.002277323685539031,0.0,0.0,0.0,-0.022354250153068887,0.008850673751270716,0.0015078254021013583,0.0,0.0,0.0,0.006353154395470652,-0.010010969442713303,0.0006512305626273089,0.004962038859016008,0.020403069293687813,0.005523451859513331
-0.01075969017151412,0.022865505524123874,-0.009319335909397129,0.0,0.0,0.0,0.008759095577693065,-0.012048831620025891,0.0010674356135280194,0.0,0.0,0.0,-0.02148031097498608,0.008504656752682072,0.0010515145580168288,0.0,0.0,0.0,0.007333851577873872,-0.008865103686373372,0.001100969720717939,0.006229101413663528,0.017602348334342353,0.003084082592479897
-0.012614251456467766,0.02048239858904494,-0.006813521623506044,0.0,0.0,0.0,0.00757769592546645,-0.008498612334338303,0.0022360457050344634,0.0,0.0,0.0,-0.022123424218567663,0.005680329881230654,0.0012967230317761462,0.0,0.0,0.0,0.007524857809476522,-0.00909599055801522,-0.0007310369172509144,0.015441909293580806,-0.003964808427348377,0.0022858761105280213
-0.011861591861117498,0.019672968565050387,-0.008772943491142587,0.0,0.0,0.0,0.006981801556464205,-0.005659520290953029,0.002207593732060461,0.0,0.0,0.0,-0.022102176546155615,0.00567487440619585,0.0022622297608856576,0.0,0.0,0.0,0.008178077838106769,-0.00988559793175781,0.00040246537286687514,0.0,0.0,0.0
-0.011945343196691657,0.01960995737739711,-0.008849031689465551,0.0,0.0,0.0,0.006929305538278455,-0.004720934811329506,0.00146693734460465,0.0,0.0,0.0,-0.02238919481713633,0.005748568172811897,0.0017941287374800875,0.0,0.0,0.0,0.007542251601037009,-0.011884686819679195,0.00028844324224278013,0.0,0.0,0.0
-0.013058317963445063,0.020069539152949453,-0.009296429462775183,0.0,0.0,0.0,0.007000122709978686,-0.0055169745005856224,0.0011818087363961662,0.0,0.0,0.0,-0.023316451969967743,0.005986647344497832,0.0022532150079803944,0.0,0.0,0.0,0.008470921569508755,-0.013348036535115704,0.00018488653137628902,0.0,0.0,0.0
-0.014165297528075875,0.020830619716942257,-0.009945991462465479,0.0,0.0,0.0,0.007128483535377421,-0.008083500869207056,0.0008627483436865493,0.0,0.0,0.0,-0.023863693365771866,0.006127155053527053,0.0016988662667621192,0.0,0.0,0.0,0.007750288930171956,-0.01647020234983822,0.0004405685556854108,0.0,0.0,0.0
-0.014925006300179776,0.021224822145314536,-0.010042237790002274,0.0,0.0,0.0,0.007916314352885274,-0.009569180233205507,0.00023421313839046035,0.0,0.0,0.0,-0.023216999768161547,0.009192260488465352,0.0017651037666603505,0.0,0.0,0.0,0.008440964633483651,-0.017937962931947,0.0005904182897072787,0.0,0.0,0.0
-0.014423216889287984,0.022727353147159235,-0.010262754833787704,0.0,0.0,0.0,0.006313285200810069,-0.013629974130722077,-0.0020406106359868526,0.0,0.0,0.0,-0.023585613773260426,0.009338205097519103,0.0016136044048613869,0.0,0.0,0.0,0.007166989765690937,-0.022057726412970536,0.0003104878786011669,-0.0012739349755583628,0.016931273228662634,0.0043554158324399074
-0.014568994938298259,0.022957062595917576,-0.007346395899049247,0.0,0.0,0.0,0.005541626235248139,-0.013973860631589204,-0.0016991494203577437,0.0,0.0,0.0,-0.023484415702588395,0.009298137946903757,0.0015643606257748851,0.0,0.0,0.0,0.007091887340929529,-0.02182658491668041,-0.008793431232473295,-0.0021773211037702384,0.01610316896515216,0.003650339530184761
-0.014175891700266305,0.022337631009841978,-0.00947393828178051,0.0,0.0,0.0,0.008077648960965432,-0.009764200273309136,-0.0004153815459546708,0.0,0.0,0.0,-0.0230064818013733,0.009108910529058737,0.004084823588333355,0.0,0.0,0.0,0.007105029046306881,-0.02186703092697069,-0.008221686100325375,0.0,0.0,0.0
-0.013886818430184243,0.02177490249970203,-0.00923020988586748,0.0,0.0,0.0,0.007180649736327089,-0.006743078934793025,0.0028493177985519113,0.0,0.0,0.0,-0.02236717658673214,0.008855791688411862,0.0037040096505241505,0.0,0.0,0.0,0.006850277751383491,-0.0210829870605109,-0.003469943586863366,0.0,0.0,0.0
-0.01384475560995652,0.021736597003722373,-0.008844278587077122,0.0,0.0,0.0,0.007031816669211258,-0.005108913859318978,0.002764256649814269,0.0,0.0,0.0,-0.021827322733823935,0.00864204842738814,0.0028901167727214436,0.0,0.0,0.0,0.008591005583554332,-0.01825681618125048,0.004334173096780379,0.0,0.0,0.0
-0.014401360607068073,0.021909944751627313,-0.008575451154070626,0.0,0.0,0.0,0.008233558095707078,-0.005982030113334017,-0.0007788014937750047,0.0,0.0,0.0,-0.02231251952711356,0.005728881304415511,0.0017263637820205849,0.0,0.0,0.0,0.008198159442486561,-0.017421975636074092,0.005482471571298294,0.0,0.0,0.0
-0.014958232093318745,0.022383288990521565,-0.009282171727543864,0.0,0.0,0.0,0.009582180398127216,-0.00899826633586059,-0.0004232901576896412,0.0,0.0,0.0,-0.022421867506514665,0.005756957093620104,0.0004938523973064492,0.0,0.0,0.0,0.008590562875601759,-0.018255875378962144,0.0013890663091326552,0.0,0.0,0.0
-0.015978164641632608,0.022810530761999438,-0.010076414332833197,0.0,0.0,0.0,0.010743877706491194,-0.012987117185342883,0.00024384681849442936,0.0,0.0,0.0,-0.023001914694987233,0.0029058175864881347,0.0006214940574869784,0.0,0.0,0.0,0.006869250879602936,-0.021141380344880598,0.0014828643474395354,0.0,0.0,0.0
-0.015540270205708927,0.024487547519980418,-0.009211294316986357,0.0,0.0,0.0,0.00810289368034179,-0.01915771460415995,-0.00038254273032165345,0.0,0.0,0.0,-0.023511611354363204,0.0029702072486631594,0.0017472668723648313,0.0,0.0,0.0,0.007529940121090079,-0.02317477274659439,0.0008753623686868025,-0.0064415090612894785,0.016508515196957157,0.0033267610201217174
-0.016110058752530566,0.02538539060326926,-0.009082354149607442,0.0,0.0,0.0,0.007156480014688208,-0.02136988973725108,-0.005150085456719691,0.0,0.0,0.0,-0.023843352617277144,0.0030121159162120044,0.0023827244663731676,0.0,0.0,0.0,0.008374675668887697,-0.025774601435317835,0.0001393761566413183,-0.006031455989722806,0.01856291280476694,0.004342747345069825
-0.016194005606816747,0.02551766967926181,-0.00852415112031605,0.0,0.0,0.0,0.0063848824649061775,-0.02097776587444247,-0.005230929803813529,0.0,0.0,0.0,-0.023675879505547524,0.0060789326503492384,0.0023703961844884092,0.0,0.0,0.0,0.011364048366254159,-0.024149832063280474,-0.010312590188139155,-0.009271426213080972,0.018561397342704667,0.004266872007079158
-0.01583293260812549,0.0249487096742816,-0.007646156259855637,0.0,0.0,0.0,0.00677887409934453,-0.019022425747066255,-0.0020482542908356704,0.0,0.0,0.0,-0.023427591078865023,0.00601518301759281,0.0004978399423360726,0.0,0.0,0.0,0.011420732980755369,-0.02427029300084926,-0.009505685971894185,-0.01022229937686336,0.017909863987798487,0.0051685293293749135
-0.015433081102072673,0.02431864451931363,-0.008828304048251006,0.0,0.0,0.0,0.012707904880402585,-0.01193351700068118,0.0029702371025588166,0.0,0.0,0.0,-0.0227756582276051,0.005847795111499158,0.0018132814101385307,0.0,0.0,0.0,0.011328807122363962,-0.024074940607857195,-0.00363176148866213,0.0,0.0,0.0
-0.017543469385665134,0.02236319446267253,-0.009652185964570603,0.0,0.0,0.0,0.011708748447084884,-0.010995246656706193,0.004204950583622121,0.0,0.0,0.0,-0.021247589305879805,0.008412515725628743,0.003867245965544677,0.0,0.0,0.0,0.010680002741945466,-0.02269616111624965,0.004479403192639666,0.0,0.0,0.0
-0.017513649001203793,0.02263262526879919,-0.01051613139549973,0.0,0.0,0.0,0.012787620029749083,-0.012008374508578118,-0.0006740625257178496,0.0,0.0,0.0,-0.021758255906921733,0.005586570594610818,0.0028360106871178096,0.0,0.0,0.0,0.007378291622445194,-0.02270804665887768,0.005365826606984962,0.0,0.0,0.0
-0.018847020694254403,0.023221603715642608,-0.009286809338098107,0.0,0.0,0.0,0.013707243867105623,-0.012871958773695645,-0.004779354135098791,0.0,0.0,0.0,-0.021849303296788504,0.00560994759105399,0.0014120738282532956,0.0,0.0,0.0,0.010485362468368072,-0.022282529480044774,0.0010516420510350098,0.0,0.0,0.0
-0.016033861708499415,0.025265323274201237,-0.010545123007607833,0.0,0.0,0.0,0.0075958577246376105,-0.01729709713827627,-0.004701237296693739,0.0,0.0,0.0,-0.021423656048837666,0.005500659952869595,0.0018957232573940579,0.0,0.0,0.0,0.010526275705036964,-0.022369474533680152,-0.006034168200369522,-0.008639736482131115,0.015522798196156325,0.004228762474302199
-0.015687504319579482,0.024719551359826324,-0.007526186686327612,0.0,0.0,0.0,0.013208623593620874,-0.012403723170225653,-0.0009367263997917557,0.0,0.0,0.0,-0.02044944548286797,0.005250525193719433,0.0015623281219226386,0.0,0.0,0.0,0.010589025130623831,-0.022502823850855728,-0.006212967976499282,0.0,0.0,0.0
-0.01714886838138506,0.023015924559456065,-0.009220756008585454,0.0,0.0,0.0,0.011970239720584579,-0.01124080330724822,0.00191022308874222,0.0,0.0,0.0,-0.01906272842558969,0.0048944767692328155,0.0009490790884909496,0.0,0.0,0.0,0.010411566826518353,-0.022125705758406552,-0.002453649216349761,0.0,0.0,0.0
-0.01674112826759853,0.022884354491863833,-0.009076274092528121,0.0,0.0,0.0,0.01136841132646972,-0.010675648827398606,0.0015572178478812863,0.0,0.0,0.0,-0.019158429488171386,0.0024202724892442786,0.0024012480691343514,0.0,0.0,0.0,0.009846638410455936,-0.02092517176418356,0.00215723261620173,0.0,0.0,0.0
-0.017054227575066635,0.022962508932172235,-0.009142571231114746,0.0,0.0,0.0,0.011918890799426873,-0.011192583460674841,-0.001112283026696641,0.0,0.0,0.0,-0.019414635743641866,0.002452638866251869,0.0015923287073893587,0.0,0.0,0.0,0.011755301925226646,-0.018523391851961245,0.003064084504653238,0.0,0.0,0.0
-0.017519260024429287,0.022941104078481735,-0.009848631187291585,0.0,0.0,0.0,0.013149709436319797,-0.012348399094042381,-0.0012509234488343776,0.0,0.0,0.0,-0.019636209031268625,0.002480630081958018,0.001603082949153154,0.0,0.0,0.0,0.011590706250386768,-0.01826403056957221,0.0012575782104162234,0.0,0.0,0.0
-0.018189842759511885,0.022984698427995904,-0.009434053026750237,0.0,0.0,0.0,0.015019186485870839,-0.014103954896762071,-0.00045795562285754187,0.0,0.0,0.0,-0.019547734031296695,0.0024694530902035446,0.001943736155411399,0.0,0.0,0.0,0.0137238107800412,-0.01658923748938272,-0.0030908789671563078,0.0,0.0,0.0
-0.01889789591666043,0.022874515439533068,-0.009666718978841644,0.0,0.0,0.0,0.010875688188812247,-0.021230147694229855,-0.0009907800409980846,0.0,0.0,0.0,-0.018375371281989,0.0023213492327701334,0.0016599164744434145,0.0,0.0,0.0,0.013907582705133509,-0.016811379586654355,-0.004269386023652829,-0.008875441784780766,0.014022009446905044,0.00565589644987788
-0.01895474149881572,0.02291234652776001,-0.010787920554539811,0.0,0.0,0.0,0.010814075466027516,-0.022942005484921146,-0.0061487479553696016,0.0,0.0,0.0,-0.01726265799672096,0.002180780855053495,0.0010745452929284195,0.0,0.0,0.0,0.014045914718746753,-0.0169785942665268,-0.002658005315869163,-0.008039223283699647,0.015038538345420427,0.005131619376653595
-0.015999061472567497,0.02521048687690511,-0.007684610303931975,0.0,0.0,0.0,0.01068928612714396,-0.0232332048289391,-0.004255542515983474,0.0,0.0,0.0,-0.016185893559760745,0.0020447538729994378,0.0011203402914095966,0.0,0.0,0.0,0.013746703183313103,-0.01661690965134029,0.00031364108365139395,-0.007146341958347644,0.014547326584105378,0.005288182787706745
-0.017968415483739765,0.022664488669887784,-0.006296711087686123,0.0,0.0,0.0,0.010501740408684675,-0.02134215258431045,-0.0018015823010073613,0.0,0.0,0.0,-0.01575245387374088,0.0019899977068706717,0.001961157398339837,0.0,0.0,0.0,0.013385539527442192,-0.016180337786877566,0.0018484538088224727,-0.006655242276491916,0.012691307086277264,0.005265869357919549
-0.016909710081992754,0.02249051840395976,-0.006637796392069372,0.0,0.0,0.0,0.014932815167474332,-0.014022846830077887,0.003939849591182431,0.0,0.0,0.0,-0.01548770096635505,0.0019565516366388197,0.0031565413419884203,0.0,0.0,0.0,0.013128346077103661,-0.015869444311532897,-8.526399639235508e-05,0.0,0.0,0.0
-0.017512996032595724,0.022235265156848993,-0.008695428576974609,0.0,0.0,0.0,0.014483731145570642,-0.013601128863146413,0.002570931690639853,0.0,0.0,0.0,-0.01552720446162729,0.0019615420886430106,0.0026934602267224533,0.0,0.0,0.0,0.014547154183488606,-0.013660687060060213,-0.0037003041942036087,-0.008418880396516153,0.007905854921330219,0.003220105838150563
-0.018955933379759586,0.02229825439610624,-0.009270693203487035,0.0,0.0,0.0,0.01577611440107382,-0.014814757521535795,-0.0012355958884050363,0.0,0.0,0.0,-0.01522993056617197,0.0019239876622018867,0.0015585474761049337,0.0,0.0,0.0,0.014198871029814975,-0.013333627409037435,-0.0027614281722372334,-0.008921496077842053,0.008377842462499285,0.004146965881281124
-0.01932490089261637,0.022659630326393888,-0.009979785784749068,0.0,0.0,0.0,0.016736342886525053,-0.01571647208924096,-0.005272817989218608,0.0,0.0,0.0,-0.014679464716572048,0.00185444765356612,0.00033163781423166557,0.0,0.0,0.0,0.011910548910108572,-0.014397380411718737,-0.0007275714063742693,0.0,0.0,0.0
-0.018961681904636114,0.023123798248896887,-0.009444389793731599,0.0,0.0,0.0,0.011135967944333783,-0.020487019382723556,-0.004133803082511811,0.0,0.0,0.0,-0.014306229571743252,0.0018072970897056553,0.0009186701330093235,0.0,0.0,0.0,0.011367827447358076,-0.013741342859142828,0.001032077885883987,-0.0076495212200010446,0.011393718904300213,0.004544346300173873
-0.01735377260893102,0.023016881650981123,-0.01044205818452662,0.0,0.0,0.0,0.015903642894950658,-0.014934514748558909,-0.001278308414371279,0.0,0.0,0.0,-0.013273379422245376,0.0016768177722916186,0.0006818074868060693,0.0,0.0,0.0,0.010957964780271483,-0.013245904002450074,0.00199000512424651,0.0,0.0,0.0
-0.01615434252145223,0.023745855761981113,-0.0079683979305633,0.0,0.0,0.0,0.014532362379158371,-0.0136467966312203,0.002320739958729511,0.0,0.0,0.0,-0.012670475235976258,0.0016006532611776846,0.0010108307571255533,0.0,0.0,0.0,0.010606851158505173,-0.012821480542334344,5.033963716671924e-05,0.0,0.0,0.0
-0.015964988766456557,0.024323037762133744,-0.008122875463257424,0.0,0.0,0.0,0.013969094183279688,-0.013117852587751166,0.0012361413928983914,0.0,0.0,0.0,-0.011814301767707947,0.0014924933990893,0.0005921425137498466,0.0,0.0,0.0,0.009817759330716823,-0.011867632377133053,-0.0028455307955496225,0.0,0.0,0.0
-0.016939485278504106,0.024616912267559743,-0.009278489421460897,0.0,0.0,0.0,0.014289441186243921,-0.013418678447085884,-0.001705985953271301,0.0,0.0,0.0,-0.011873679689426792,0.0014999945750334635,0.0040119554091299905,0.0,0.0,0.0,0.007434440128226016,-0.011714803122117205,-0.0025097425747809365,0.0,0.0,0.0
-0.01836719783674921,0.025183809349200455,-0.00990758926781879,0.03323403210025934,-0.004198434618483755,-0.014949331080925296,0.014153361405598319,-0.01329089102728173,-0.004653127716102055,0.0,0.0,0.0,-0.011815437196601332,0.001492636837115671,0.003979310455738448,0.0,0.0,0.0,0.0067028964146460205,-0.010562074680970009,-0.0005564058975789842,0.0,0.0,0.0
-0.019392952854836876,0.025746575358950963,-0.008810346199840523,0.03388745895458061,-0.004280981626850156,-0.018554096974187556,0.013628915982566997,-0.012798403994165423,-0.003794508144424967,0.0,0.0,0.0,-0.012154051258877696,0.001535413741136156,0.0020051075719536445,0.0,0.0,0.0,0.0065286791998308445,-0.010287552277555295,0.001031982596881625,0.0,0.0,0.0
-0.019473900708844482,0.025906166371306414,-0.008824799300237074,0.0387583545242883,0.0,-0.013170610318692185,0.012619730022463086,-0.011850715297634413,-0.001774171833312282,0.0,0.0,0.0,-0.012621786224190664,-4.059476061299512e-18,-0.0007323048161795437,0.0,0.0,0.0,0.00794104070713675,-0.009599069261078211,0.0006066105133366713,0.0,0.0,0.0
-0.017263852165665314,0.02584915657506682,-0.009394894607062151,0.03748679025720629,0.0,-0.012738382699759465,0.012121258026806664,-0.011382618936313448,0.0009984965458467953,0.0,0.0,0.0,-0.012692951879409694,-4.082364681706872e-18,-0.0007410368986109525,0.0,0.0,0.0,0.007973798411501433,-0.009638666523531217,-0.00049188441372367,0.0,0.0,0.0
-0.015075188973740147,0.025917257347857756,-0.008744661957131273,0.03392681376600627,-0.004285953295716424,-0.01518923774900457,0.012259735902673666,-0.011512658317425397,0.0009517219464813261,0.0,0.0,0.0,-0.012011343958456891,0.0015173856165742738,-0.0002199066828109454,0.0,0.0,0.0,0.007395310551658321,-0.008939394823748038,-0.0015515649006283844,0.0,0.0,0.0
-0.013519349661648,0.02521240183322317,-0.009951961493096868,0.0,0.0,0.0,0.012907817566373662,-0.012121247508513884,-0.0004749801421666449,0.0,0.0,0.0,-0.010619059781126051,0.0015455105196327365,0.000653508409297445,0.0,0.0,0.0,0.0043590555190610196,-0.009263464510802587,-0.001754482229809985,0.0,0.0,0.0
-0.01262480131919633,0.024986042562572884,-0.009870689446028046,0.0,0.0,0.0,0.01376673997165146,-0.01292782933471684,-0.0009618571721098854,0.0,0.0,0.0,-0.009688138645188811,0.0007203487196819736,0.002381433943229755,0.0,0.0,0.0,0.003910113830427939,-0.008309414859017431,-0.00039235784454199084,0.0,0.0,0.0
-0.01199512516084883,0.025490938517363452,-0.009397940207895842,0.0,0.0,0.0,0.015012099583926504,-0.014097299852863744,-2.6341449301363646e-05,0.0,0.0,0.0,-0.00876647895946872,0.0005793729859632018,0.00043647415799186943,0.0,0.0,0.0,0.005597149948895917,-0.006765792042320914,0.0009465627972970337,0.0,0.0,0.0
-0.005391609741402834,0.028263808062151764,-0.010290936092410094,0.0,0.0,0.0,0.011437991998929828,-0.019680322943818426,-0.0011475104523835775,0.0,0.0,0.0,-0.008445716618809303,0.0003781352775313269,-0.0003365156949977759,0.0,0.0,0.0,0.005769446364429825,-0.006974062631421297,0.0016412603905778275,-0.010181703779992567,0.010950106706877183,0.0043827257688965025
-0.005502355574872387,0.02884435805204255,-0.011101764277128888,0.0,0.0,0.0,0.011129214111918735,-0.020641912072951966,-0.005025317294097275,0.0,0.0,0.0,-0.008483972862628341,8.413897721125094e-05,4.3240186786514396e-05,0.0,0.0,0.0,0.006028426496545015,-0.007287115834030209,0.0012508982164816393,-0.010251834308443019,0.011691507434675246,0.005401873972846395
-0.012650380325775125,0.026883426623851785,-0.010714257183212795,0.0,0.0,0.0,0.010712560137321133,-0.020490137469347598,-0.004625217055741737,0.0,0.0,0.0,-0.008854052661869095,-5.1648526399524424e-05,0.0010584990940230973,0.0,0.0,0.0,0.005615994156779521,-0.006788570776660145,-0.0013588256849577283,-0.01013901108925758,0.011677176570789139,0.005427798078400685
-0.014602956081152136,0.025709613359403617,-0.009895695510635327,0.0,0.0,0.0,0.015609629755433315,-0.014658418033020482,-0.0007183728457370379,0.0,0.0,0.0,-0.008860655889077728,-0.0001641540904685384,0.0013111587484912481,0.0,0.0,0.0,0.004831806422170329,-0.0058406506417795125,-0.0012568743914520178,0.0,0.0,0.0
-0.013360155145091826,0.02555560802304893,-0.00915506807134874,0.0,0.0,0.0,0.013470940625111377,-0.012650055259135732,8.641956418010308e-05,0.0,0.0,0.0,-0.009082855769006677,-0.00022430049297999608,0.0017908547611137544,0.0,0.0,0.0,0.00415364073266715,-0.0050208891439978125,0.00021298992122413286,0.0,0.0,0.0
-0.012712926408904299,0.025395614641050848,-0.008461953453664425,0.0,0.0,0.0,0.01301103031412984,-0.009453066856382265,3.66737343253708e-05,0.0,0.0,0.0,-0.009552357480081285,-8.99688971585483e-05,0.0011784835347586381,0.0,0.0,0.0,0.004304307731170113,-0.004042014003842207,0.0016026955699975367,0.0,0.0,0.0
-0.012439907729385536,0.025529052331704886,-0.008642598596960017,0.0,0.0,0.0,0.013099514984020287,-0.007201519303934053,0.0003828204616532308,0.0,0.0,0.0,-0.009931078853413697,0.0001377442273833664,-0.0013303017428222708,0.0,0.0,0.0,0.00405653264610239,-0.0038093377115793695,0.0016848801783197421,0.0,0.0,0.0
-0.011668848855031676,0.025630244231956215,-0.008985024802891676,0.0,0.0,0.0,0.012920894477111661,-0.007103321849284005,-0.002072757918346284,0.0,0.0,0.0,-0.010212742298434573,5.4062224362539816e-05,-4.194214258844501e-05,0.0,0.0,0.0,0.003903896805102515,-0.003797216252124022,0.0007028231928499529,0.0,0.0,0.0
-0.011291401558786234,0.025170626546769492,-0.011014412045969407,0.0,0.0,0.0,0.012102304857042216,-0.008792839165526995,-0.0030932650870774095,0.0,0.0,0.0,-0.009850639235507436,-0.00028258393067253664,-0.0001411399881736025,0.0,0.0,0.0,0.003182755800400808,-0.0035553646359072198,-0.001439074410605863,0.0,0.0,0.0
-0.011205520815313733,0.02453513293124192,-0.01204030365784711,0.0,0.0,0.0,0.012192300966309681,-0.008858225166264827,-0.0015974562577848214,0.0,0.0,0.0,-0.009266546440178937,-0.0012970672590879554,0.0007055195462574001,0.0,0.0,0.0,0.002198564589950607,-0.0035542433761624193,-0.00044125261890004747,0.0,0.0,0.0
-0.010967063984400576,0.024832056668282036,-0.008589904019206259,0.0,0.0,0.0,0.010902556421442163,-0.010238181952936059,-0.000367974606014101,0.0,0.0,0.0,-0.008462740819905645,-0.0022220445289111196,0.00040472048367022146,0.0,0.0,0.0,0.0008622557004071122,-0.003378434386505236,0.0001000925106227872,0.0,0.0,0.0
-0.010689300453587892,0.02524647665267294,-0.006094300793276792,0.0,0.0,0.0,0.010918927992581632,-0.010253555881554457,-1.2567422227828755e-05,0.0,0.0,0.0,-0.008353231069883707,-0.0033341243713987945,0.0002620510262341099,-0.007613920824383494,-0.011997619444993049,0.005742467218489364,-0.0009456979504329809,-0.003113062225867349,0.0005401995231192845,0.0,0.0,0.0
-0.010942316958297985,0.02576635980508785,-0.00911163216540794,0.0,0.0,0.0,0.010965862030017967,-0.010297629876357555,-0.0007873129760500441,0.0,0.0,0.0,-0.009465670520727394,-0.0033606624469627727,0.0010516331424086278,-0.0012381832726131832,-0.0151264592427627,0.005690188445791871,-0.0029991671760206426,-0.0028493281055455796,0.0015980158257067581,0.0,0.0,0.0
-0.010718105469759822,0.02604747452139175,-0.010748563155347666,0.0,0.0,0.0,0.010802737293940568,-0.010144445552935895,-0.0013344408878177315,0.0,0.0,0.0,-0.010002743570605507,-0.0031504852121264867,0.00163365192838169,0.0030479680993516357,-0.017000116922450736,0.008561273578487147,-0.0036362248954074487,-0.002625447550122286,0.0003831951922856501,0.0,0.0,0.0
-0.009741548252538255,0.02584587021748517,-0.012082097817820627,0.0,0.0,0.0,0.010253804947589153,-0.009628963768246861,-0.002674376197868614,0.0,0.0,0.0,-0.009955155596780084,-0.001975384716035974,-0.0004511881652333249,0.003156372991681901,-0.0165449359304692,0.006932751504481717,-0.003164752269559128,-0.0025391822525693128,-0.00025479801362334175,0.0,0.0,0.0
-0.009262371940546693,0.025915709913824445,-0.009665604332602764,0.0,0.0,0.0,0.0110721273606042,-0.008044371402970688,-0.0008654969126592019,0.0,0.0,0.0,-0.009360231600071782,-0.0023078816459784295,-0.002130829809004884,0.0024261809647134445,-0.015176348686250564,0.006308544254763246,-0.002558106366706364,-0.0025042872521092016,-0.0005229584291849699,0.0,0.0,0.0
-0.008818617990512504,0.02556778371045574,-0.00937324979769507,0.0,0.0,0.0,0.01097031780195179,-0.007970402428852255,-0.00036846199851471806,0.0,0.0,0.0,-0.009289477739033302,-0.0031311186198644983,-0.0008692846872101828,0.0011269873675584206,-0.013472734881412264,0.005723578643897475,-0.0025997906562448487,-0.0024706175768377074,0.00045951622012868767,0.0,0.0,0.0
-0.009673701115082976,0.02563321575301103,-0.008881875008487984,0.0,0.0,0.0,0.010533220374717768,-0.009891352319410324,0.0005650108905519164,0.0,0.0,0.0,-0.009537484462531172,-0.003772408302165735,-0.00043008413805519115,0.0006827244029519201,-0.012907562071551656,0.007311336249524614,-0.003221502313822091,-0.002065423181573367,0.0014942067404567605,0.0,0.0,0.0
-0.010465310208373631,0.026091636267596915,-0.008436052375818195,0.0,0.0,0.0,0.011827592594427281,-0.011106848739511286,0.0005720527619183077,0.0,0.0,0.0,-0.00985988019985122,-0.003592145669851364,0.0005432333656592213,0.001917427778771678,-0.014156936371823437,0.007139695008476673,-0.003749398582888445,-0.0010084860255878,0.0006720809730675646,0.0,0.0,0.0
-0.011247502623907921,0.025799558513103633,-0.01064794755219317,0.0,0.0,0.0,0.012495734799190679,-0.011734276032558826,-0.0021238486328427463,0.0,0.0,0.0,-0.009756511628452938,-0.0030116965781419487,0.0004540012128411151,0.0041148183217256775,-0.015772120933973933,0.006429395836444047,-0.003745792848488356,-0.0003664481063322918,0.00150494984511052,0.0,0.0,0.0
-0.011388368264109846,0.025737423319449306,-0.010615507189172374,0.0,0.0,0.0,0.012407205579675068,-0.011651141561842427,-0.0030887136594936315,0.0,0.0,0.0,-0.009200077307097893,-0.0022095199144172998,0.0005705136424675626,0.005923695917650104,-0.015874725400894973,0.007170476102141434,-0.003416341716016185,4.957278240310509e-05,-0.0001482633841972669,0.0,0.0,0.0
-0.010887250479104764,0.025236959994215127,-0.010761045365446599,0.0,0.0,0.0,0.011769241259242256,-0.01105205318847464,-0.0013739232674848862,0.0,0.0,0.0,-0.008256027477633977,-0.001782243555069346,0.00039982331965320207,0.005609394484572783,-0.015351146362204091,0.006026338581247842,-0.003195626305573176,-0.0005573465022786421,-6.210500360535157e-05,0.0,0.0,0.0
-0.010930902650153543,0.02481503098769627,-0.01030959692726521,0.0,0.0,0.0,0.011427414026782755,-0.008302502275582652,0.0003442999779758043,0.0,0.0,0.0,-0.007790972232013644,-0.0019521772618269811,0.001372732578431442,0.0046428936347031316,-0.014119804617748,0.004674401880263286,-0.0036731835031997076,-0.001535426496997123,0.00045301652374125256,0.0,0.0,0.0
-0.010381981224139046,0.025014552360516754,-0.008753844802281507,0.0,0.0,0.0,0.010230347736134546,-0.0074327827065851036,0.001018011810792617,0.0,0.0,0.0,-0.007897477163557123,-0.0022406313081054664,0.0008133165181597946,0.004630606562509034,-0.013514437362202545,0.005194643589523175,-0.004557531411141499,-0.0020751218470476647,0.0001899067203377884,0.0,0.0,0.0
-0.010042681779867847,0.02503321786339119,-0.009893959298323478,0.0,0.0,0.0,0.010300184996667593,-0.007483522446401753,0.001588505071032123,0.0,0.0,0.0,-0.00835964493816594,-0.0020059217417980426,0.0007433458612601555,0.005231125868698503,-0.012821512028796212,0.0055735857348841586,-0.005567306067506226,-0.0020095258161435974,-0.0004502455422730681,0.0,0.0,0.0
-0.010950728531243304,0.024512491031039647,-0.0119147229821364,0.0,0.0,0.0,0.011648063457273317,-0.008462813470614209,0.0013314969330236516,0.0,0.0,0.0,-0.008810888577467084,-0.0018531418571592015,-0.0005755107811265997,0.00782942093479004,-0.013596257543549357,0.007481207979073389,-0.006146816909994805,-0.0014669838080822,0.0005633894553293031,0.0,0.0,0.0
-0.011642723220951608,0.024512741991593666,-0.010627119996765662,0.0,0.0,0.0,0.013952875462898561,-0.010137357411758275,0.0005690734249273157,0.0,0.0,0.0,-0.008634653657741503,-0.0014932827070563697,-0.0006525487003284907,0.009785476341237652,-0.01422561295523997,0.007516811313812888,-0.005949202439857364,-0.0001415245218587403,-7.03053891791566e-05,0.0,0.0,0.0
-0.013047231619960567,0.02446955658373616,-0.00905759544011302,0.0,0.0,0.0,0.017360862630178848,-0.012613405023683922,-1.6132557276701643e-05,0.0,0.0,0.0,-0.0077264647285085735,-0.0010505026482179698,-0.0005039181083419257,0.010269162419837946,-0.01489329594577149,0.007058706204159551,-0.005065784789787381,0.0017614424914479227,0.00045374236515334347,0.0,0.0,0.0
-0.012531380763823707,0.026630539682146702,-0.008095646271947499,0.0,0.0,0.0,0.016818524236379678,-0.02010961527188758,-0.00011436075317018252,0.0,0.0,0.0,-0.006619977331926892,-0.0005548727681819651,-0.0008651820381115488,0.008509884982775495,-0.014831199082421254,0.004515662411020395,-0.004148814408418664,0.003831841730005864,0.0010030950770112577,-0.013460588604242839,0.0162710565368195,0.006103206826072392
-0.01343032689868072,0.02854089746055942,-0.007925894875592554,0.0,0.0,0.0,0.019401415297280494,-0.026032618452728758,-0.001698977278766688,0.0,0.0,0.0,-0.005017393525284428,-0.0006734462358762016,-0.00022866268458433562,0.00786081585628977,-0.014729637413762486,0.004347090065454179,-0.004001276724628757,0.006305003235976134,0.00040966131354096253,-0.01477351723737595,0.01785811462518455,0.007054917978885592
-0.01794165909210332,0.028271530918668877,-0.009332695611749162,0.0,0.0,0.0,0.02148009381665919,-0.03278388384165261,-0.0019422355410720958,0.0,0.0,0.0,-0.004294534728467473,-0.0016764928220889704,0.00476937518612419,0.007848846124685125,-0.01473316004167869,0.0057056890753439116,-0.005333439471191994,0.008404155833003113,0.0008791733797719733,-0.017325491581696342,0.018523888653247878,0.008801534554778258
-0.01850525081158548,0.02915960936453894,-0.010904644380309475,0.0,0.0,0.0,0.018692096052390313,-0.03547163361326878,-0.01189029657828981,0.0,0.0,0.0,-0.004122741654050543,-0.0021594938216056327,0.007734145982120074,0.007221755712671789,-0.013656255658754118,0.007314423483194931,-0.006574417625265905,0.010359624503552925,0.0015553562963635129,-0.016127284609301604,0.019870165304750262,0.007485227857641437
-0.018075020518450696,0.02848167490083813,-0.01066708579912036,0.0,0.0,0.0,0.017817892454425558,-0.03628717622268682,-0.008475839886675784,0.0,0.0,0.0,-0.0041515893980195095,-0.0018956130840149083,0.004827178956961194,0.006707128975953758,-0.012594971577523218,0.007364204609726781,-0.006828710533845445,0.01076032601005234,0.0006232960829025582,-0.015014090430849754,0.017835737007636455,0.006382607562302225
-0.009626929074706256,0.02962864112677722,-0.01065049690378761,0.0,0.0,0.0,0.018715957869387595,-0.03191806265645599,0.0009152038612394885,0.0,0.0,0.0,-0.003941274293608349,-0.0012801822123243768,0.00037512477701757665,0.006466861946956457,-0.01247239298626347,0.006327797894494211,-0.00538990669208105,0.008493133935477421,0.0008580370987584993,-0.014649638549990946,0.013286270832876316,0.005308552599377087
-0.0053999510497535095,0.028307534731832677,-0.010991798470988417,0.0,0.0,0.0,0.01485477893573659,-0.02572193312363299,0.007940500096280525,0.0,0.0,0.0,-0.004094930398507162,-0.0011495516751823171,-0.0011666346708725153,0.005970324409699196,-0.012592734848164543,0.00610978687627174,-0.003981145558004792,0.006273281593249749,0.000915285264281529,-0.013395082226334605,0.012578819481093122,0.006010051633713951
-0.00549567826070371,0.028809354345341577,-0.0082321406522518,0.0,0.0,0.0,0.013933464339167284,-0.0219576975005927,0.006373757007130552,0.0,0.0,0.0,-0.004495237796383184,-0.00199209153276339,0.0008987800299921833,0.005539611011553429,-0.012340231533235968,0.005822321337135077,-0.003254441113621341,0.005656702087964482,2.7217404424014494e-05,-0.013645596050723938,0.012814067620766095,0.006483871788414661
