"Position of the robots at each timestamp. Each row has the following format: x1,y1,z1,x2,y2,z2,...xN,yN,zN where N is the number of robots"
-0.01141486968845129,1.5076824426651,0.5212931036949158,-1.0047821998596191,1.500669240951538,0.5234569907188416,1.0021188259124756,1.0509227514266968,0.5080978870391846,-0.018676528707146645,0.5508909225463867,0.5122384428977966,-0.5027544498443604,0.5338852405548096,0.4944227635860443,-0.9959755539894104,0.5321207046508789,0.5027498006820679,-0.5003944039344788,0.03307437151670456,0.5029305815696716,0.9741648435592651,-0.4722546935081482,0.5078197121620178
-0.011892084032297134,1.509197473526001,0.5246772170066833,-1.0053331851959229,1.5017516613006592,0.5248061418533325,1.0011340379714966,1.0502374172210693,0.5087927579879761,-0.015494557097554207,0.5449241995811462,0.5047658681869507,-0.5032134652137756,0.5315164923667908,0.5021253824234009,-0.9991576671600342,0.5363698601722717,0.5097751021385193,-0.4986456334590912,0.02927696704864502,0.5046324133872986,0.9748667478561401,-0.4711865186691284,0.5106228590011597
-0.010852775536477566,1.5129679441452026,0.5245406031608582,-1.0037752389907837,1.5004092454910278,0.531649112701416,1.0019476413726807,1.0471745729446411,0.5086070895195007,-0.014585917815566063,0.5407667756080627,0.5016729831695557,-0.49846822023391724,0.5312677621841431,0.5019816160202026,-1.000910758972168,0.5429782867431641,0.5168018341064453,-0.49728190898895264,0.02775764837861061,0.5063366889953613,0.9736250042915344,-0.4639591872692108,0.5088505148887634
-0.010365166701376438,1.5187374353408813,0.5231602191925049,-0.9983645677566528,1.4924763441085815,0.5417179465293884,1.0003373622894287,1.0453283786773682,0.511292040348053,-0.015274224802851677,0.5429217219352722,0.5058509111404419,-0.4956667721271515,0.5301370620727539,0.49554285407066345,-0.9995591044425964,0.5533524751663208,0.516297459602356,-0.4964850842952728,0.02869383431971073,0.5092341899871826,0.9630159139633179,-0.4492547810077667,0.5145294070243835
-0.01364919077605009,1.521176815032959,0.5290988683700562,-0.9925878047943115,1.4821909666061401,0.541549801826477,0.9929528832435608,1.0466793775558472,0.5150582194328308,-0.016693267971277237,0.5479483604431152,0.5064858198165894,-0.49614667892456055,0.5273119807243347,0.48944011330604553,-0.9963593482971191,0.5676294565200806,0.5174626111984253,-0.49536529183387756,0.030165379866957664,0.5085031986236572,0.948847770690918,-0.4347212314605713,0.5162385106086731
-0.020500047132372856,1.5188449621200562,0.541459858417511,-0.9894958138465881,1.472458004951477,0.5398483276367188,0.9824390411376953,1.0491572618484497,0.5173271894454956,-0.01749148964881897,0.5511131286621094,0.5059382915496826,-0.49811649322509766,0.5264579057693481,0.49860164523124695,-0.9952486157417297,0.5853956341743469,0.5199803113937378,-0.49215689301490784,0.029646432027220726,0.5083499550819397,0.9365812540054321,-0.4243617355823517,0.5146353840827942
-0.03190747648477554,1.5117969512939453,0.5425713658332825,-0.9902521371841431,1.4639171361923218,0.5426682829856873,0.9692480564117432,1.050097942352295,0.5168437957763672,-0.01717251166701317,0.5512740612030029,0.509304404258728,-0.502199649810791,0.5262738466262817,0.510808527469635,-0.9922459721565247,0.6068662405014038,0.5199347138404846,-0.48444265127182007,0.02573801949620247,0.5121286511421204,0.9255841374397278,-0.41654664278030396,0.5192703604698181
-0.04442397877573967,1.5058376789093018,0.5490610599517822,-0.9986251592636108,1.4596338272094727,0.5424551367759705,0.9600754976272583,1.046966314315796,0.5194020867347717,-0.01443454995751381,0.5524042844772339,0.5162259936332703,-0.5056803822517395,0.5238674879074097,0.5038022398948669,-0.9888182878494263,0.6273470520973206,0.5235121846199036,-0.47540879249572754,0.019870080053806305,0.5103555917739868,0.9201586246490479,-0.4123251140117645,0.5211375951766968
-0.05316523090004921,1.505858302116394,0.559590756893158,-1.007908821105957,1.461940884590149,0.5445495247840881,0.9561216235160828,1.042842984199524,0.5201482176780701,-0.005850824993103743,0.5588934421539307,0.5189590454101562,-0.508399248123169,0.5214918255805969,0.5065821409225464,-0.985628068447113,0.6419243216514587,0.5259637832641602,-0.4690219759941101,0.016280243173241615,0.5071729421615601,0.9169574975967407,-0.40837958455085754,0.5190562605857849
-0.05572398006916046,1.5085233449935913,0.5575281977653503,-1.0097980499267578,1.4620232582092285,0.5526469945907593,0.9553844332695007,1.0418634414672852,0.5193220973014832,0.003738290863111615,0.5654183030128479,0.5167487859725952,-0.5119565725326538,0.5226636528968811,0.5140894055366516,-0.9830608367919922,0.6487092971801758,0.5300540328025818,-0.4659639894962311,0.0186185110360384,0.5114214420318604,0.9115371704101562,-0.4018307626247406,0.5247936844825745
-0.05715354532003403,1.5067139863967896,0.5589029788970947,-0.9960220456123352,1.4512501955032349,0.5572060942649841,0.9551768898963928,1.0543391704559326,0.5188996195793152,0.00997252855449915,0.5717185735702515,0.5174880623817444,-0.5155128836631775,0.5295509696006775,0.508582592010498,-0.9798868894577026,0.6510903835296631,0.5362088084220886,-0.4607771933078766,0.026479264721274376,0.511694610118866,0.9005149602890015,-0.38975295424461365,0.5255935192108154
-0.06166478618979454,1.5014125108718872,0.5648049116134644,-0.9780338406562805,1.4367951154708862,0.5578524470329285,0.9559905529022217,1.0795235633850098,0.5187920928001404,0.013747334480285645,0.5786275267601013,0.5290354490280151,-0.5172450542449951,0.5360943078994751,0.5115731358528137,-0.9793679118156433,0.6505885720252991,0.5374391078948975,-0.45168036222457886,0.02600760944187641,0.5081473588943481,0.8898131251335144,-0.37880268692970276,0.5251017212867737
-0.0704738199710846,1.4931086301803589,0.5605300068855286,-0.9636724591255188,1.4237323999404907,0.5635827779769897,0.9541470408439636,1.1027345657348633,0.5219824910163879,0.017019612714648247,0.5855812430381775,0.5288094878196716,-0.518326461315155,0.5388630628585815,0.5071734189987183,-0.9812905788421631,0.6500160098075867,0.5392410755157471,-0.44035470485687256,0.01648584008216858,0.510230302810669,0.8797893524169922,-0.36935392022132874,0.5300043821334839
-0.08246879279613495,1.4792524576187134,0.5547211766242981,-0.9518775939941406,1.4128034114837646,0.5627923607826233,0.9446728229522705,1.105859398841858,0.5248584747314453,0.024781692773103714,0.5869876742362976,0.5243192911148071,-0.5166236758232117,0.5383700728416443,0.5057836771011353,-0.9870911836624146,0.6556473970413208,0.5406333208084106,-0.4294551610946655,0.0037401679437607527,0.5129539370536804,0.8722814917564392,-0.3594629466533661,0.5328571796417236
-0.09670986235141754,1.4676251411437988,0.5737496614456177,-0.9446045160293579,1.4136682748794556,0.5640236735343933,0.9300679564476013,1.0814625024795532,0.5246961712837219,0.03349249064922333,0.5877211689949036,0.5401404500007629,-0.5186079144477844,0.5372156500816345,0.509794294834137,-0.9957526922225952,0.6693663001060486,0.5380020141601562,-0.4240017235279083,-0.0018474903190508485,0.5148768424987793,0.8671436905860901,-0.3521735668182373,0.532206118106842
-0.10488652437925339,1.463500738143921,0.5808940529823303,-1.004001259803772,0.685126781463623,0.5361854434013367,0.9167956709861755,1.0610328912734985,0.524261474609375,0.038827620446681976,0.5932025909423828,0.5437626838684082,-0.5237128138542175,0.5363454818725586,0.5071727633476257,-0.94427490234375,1.4195592403411865,0.5697336792945862,-0.4226434528827667,-0.0013427366502583027,0.5138387680053711,0.8601545095443726,-0.3450944721698761,0.5355803966522217
-0.10568497329950333,1.4618414640426636,0.5796487331390381,-1.0163573026657104,0.708106517791748,0.5365337133407593,0.9033941030502319,1.0529913902282715,0.5256425738334656,0.04393066093325615,0.5989482998847961,0.5359007120132446,-0.5300787687301636,0.5355657935142517,0.4975399374961853,-0.9418990612030029,1.4280771017074585,0.5775743722915649,-0.42399945855140686,0.0022593792527914047,0.512819766998291,0.8504542112350464,-0.33600863814353943,0.5380420088768005
-0.10319064557552338,1.456857442855835,0.590400755405426,-1.0326786041259766,0.7362523674964905,0.5358927249908447,0.8949441313743591,1.0637201070785522,0.5249018669128418,0.048193395137786865,0.6016904711723328,0.5451170206069946,-0.5362264513969421,0.534993588924408,0.4979475736618042,-0.9359810948371887,1.4313231706619263,0.580194890499115,-0.42802372574806213,0.007334019057452679,0.5168865323066711,0.8404266238212585,-0.3258523643016815,0.5401401519775391
-0.10347183048725128,1.4464421272277832,0.5886216759681702,-1.0491489171981812,0.7628381252288818,0.5378158092498779,0.8922926783561707,1.0839158296585083,0.5236800312995911,0.0504227951169014,0.606822669506073,0.5571737885475159,-0.538999080657959,0.5353823304176331,0.4994858205318451,-0.9346824288368225,1.4288136959075928,0.5855515003204346,-0.4315796196460724,0.010676559060811996,0.5176095366477966,0.8321986198425293,-0.3136398196220398,0.5428071618080139
-0.11003480851650238,1.4350618124008179,0.5899046063423157,-1.062997579574585,0.773121178150177,0.5358466506004333,0.8917987942695618,1.1144014596939087,0.5251194834709167,0.054092973470687866,0.6166237592697144,0.5494146943092346,-0.5378637313842773,0.5383836627006531,0.49627748131752014,-0.941318690776825,1.4254544973373413,0.5891828536987305,-0.42781761288642883,0.009553457610309124,0.5176413655281067,0.8280285000801086,-0.299444317817688,0.5385682582855225
-0.12422679364681244,1.4266616106033325,0.5930320024490356,-1.0621477365493774,0.7566075325012207,0.5421860218048096,0.8901013731956482,1.1597956418991089,0.5243918895721436,0.06228006258606911,0.6243915557861328,0.5489057898521423,-0.5333094596862793,0.541124701499939,0.49485069513320923,-0.9511797428131104,1.4254229068756104,0.5950514078140259,-0.4119507670402527,0.002012808108702302,0.5207997560501099,0.820669412612915,-0.28486210107803345,0.5419778227806091
-0.1394135057926178,1.414764404296875,0.5867199301719666,-1.0510433912277222,0.7369259595870972,0.5474244952201843,0.8846417665481567,1.1965216398239136,0.5267765522003174,0.07224428653717041,0.6239773631095886,0.5575371980667114,-0.5311751365661621,0.5395330190658569,0.49217766523361206,-0.9546806216239929,1.430791974067688,0.6029931902885437,-0.3933916389942169,-0.008887214586138725,0.5228137969970703,0.8099674582481384,-0.2715512216091156,0.5530663728713989
-0.14727872610092163,1.4034258127212524,0.592374861240387,-1.0443196296691895,0.7349694967269897,0.5477662086486816,0.8752228021621704,1.1962181329727173,0.529350221157074,0.07901939749717712,0.6233913898468018,0.558269202709198,-0.5336229205131531,0.5343684554100037,0.49662336707115173,-0.9521878957748413,1.4363855123519897,0.6021479368209839,-0.38136324286460876,-0.016691649332642555,0.5230944156646729,0.8010446429252625,-0.2623823583126068,0.5478426814079285
-0.15145818889141083,1.4001566171646118,0.6053236126899719,-1.046517252922058,0.7523306012153625,0.5497198104858398,0.8618176579475403,1.159737467765808,0.5283881425857544,0.08258682489395142,0.6263342499732971,0.5538690090179443,-0.5409062504768372,0.527150571346283,0.49434924125671387,-0.9481296539306641,1.4388364553451538,0.6097042560577393,-0.37385472655296326,-0.020669924095273018,0.5242953896522522,0.7883532643318176,-0.2546856105327606,0.5436854362487793
-0.1512535661458969,1.414708137512207,0.605629026889801,-1.0537927150726318,0.773467481136322,0.5536383390426636,0.8498752117156982,1.1203315258026123,0.5243781805038452,0.08593572676181793,0.6325504779815674,0.5611073970794678,-0.5521106719970703,0.5234519839286804,0.4893902540206909,-0.9500341415405273,1.4371689558029175,0.6206550002098083,-0.36952194571495056,-0.021726218983530998,0.5239289402961731,0.7747176885604858,-0.2472405582666397,0.5503643751144409
-0.15018707513809204,1.4337565898895264,0.6097033619880676,-1.056380033493042,0.7790377140045166,0.5575841069221497,0.8378769755363464,1.11197829246521,0.5287767648696899,0.08606875687837601,0.6369364261627197,0.5579082369804382,-0.5675084590911865,0.5226137042045593,0.4904182255268097,-0.9569286108016968,1.4349597692489624,0.6183423399925232,-0.36311766505241394,-0.022006597369909286,0.5267058610916138,0.7567321062088013,-0.24102133512496948,0.5509538054466248
-0.15384159982204437,1.4364593029022217,0.6131488084793091,-1.051192283630371,0.768298327922821,0.5567283034324646,0.8301307559013367,1.132041096687317,0.5257717370986938,0.08400174975395203,0.6402594447135925,0.5508512854576111,-0.583657443523407,0.5237049460411072,0.49072498083114624,-0.9668858051300049,1.4355840682983398,0.6207422614097595,-0.3505854606628418,-0.023927854374051094,0.5304635763168335,0.737304151058197,-0.23705001175403595,0.5451292991638184
-0.16074378788471222,1.426605224609375,0.6123172640800476,-1.0462485551834106,0.7593892216682434,0.558036744594574,0.8284671306610107,1.152610421180725,0.5249345898628235,0.08394273370504379,0.6453872323036194,0.5560470819473267,-0.5967592597007751,0.5267517566680908,0.490632027387619,-0.978552520275116,1.4376596212387085,0.622757077217102,-0.3386687934398651,-0.02728290855884552,0.5306563377380371,0.7190330624580383,-0.23648574948310852,0.5471667647361755
-0.1708410084247589,1.4148918390274048,0.6147392392158508,-1.0460172891616821,0.7600153088569641,0.5651570558547974,0.8264325261116028,1.1586889028549194,0.5332320928573608,0.09055675566196442,0.6549864411354065,0.5652359127998352,-0.3271304666996002,-0.03100954182446003,0.5313182473182678,-0.9957208037376404,1.4428960084915161,0.6210247278213501,-0.6104395985603333,0.5315118432044983,0.4919690787792206,0.6928474307060242,-0.23756028711795807,0.5529817342758179
-0.17742472887039185,1.4152926206588745,0.6232386827468872,-1.0515265464782715,0.7728890180587769,0.5678021907806396,0.8191369771957397,1.1373473405838013,0.5330855846405029,0.09972599148750305,0.6642241477966309,0.5591833591461182,-0.3173326849937439,-0.032188817858695984,0.5352514982223511,-1.0132838487625122,1.4501742124557495,0.6252133846282959,-0.6246845722198486,0.5385659337043762,0.4922284483909607,0.6613388061523438,-0.23693932592868805,0.5515787601470947
-0.17776545882225037,1.4294339418411255,0.6248588562011719,-1.056427001953125,0.7870248556137085,0.5680382251739502,0.8078150749206543,1.1035679578781128,0.5305235385894775,0.10467259585857391,0.6707122921943665,0.5583224892616272,-0.6404638886451721,0.5488780736923218,0.49290353059768677,-1.0195425748825073,1.4556971788406372,0.6364519596099854,-0.3101295232772827,-0.03144218772649765,0.536620020866394,0.6438639760017395,-0.22817912697792053,0.5518406629562378
-0.17722462117671967,1.4419878721237183,0.6279501914978027,-1.0567092895507812,0.7918962240219116,0.5713557600975037,0.7960264086723328,1.0785969495773315,0.5312825441360474,0.10448244214057922,0.675686240196228,0.5645013451576233,-0.3067021071910858,-0.02995726279914379,0.5360543131828308,-1.0110979080200195,1.4552738666534424,0.63961261510849,-0.6563318371772766,0.5599282383918762,0.4967321753501892,0.6462975740432739,-0.2150489091873169,0.5566952228546143
-0.18438544869422913,1.4421318769454956,0.6396436095237732,-1.0527433156967163,0.788108229637146,0.5730558037757874,0.7816792130470276,1.0629158020019531,0.534625232219696,0.10204965621232986,0.6821107268333435,0.5627266764640808,-0.3079841136932373,-0.02673953026533127,0.5376724600791931,-0.9962308406829834,1.4498214721679688,0.6447363495826721,-0.668729841709137,0.5747863054275513,0.49190083146095276,0.6524454355239868,-0.2002868503332138,0.5539402365684509
-0.19569861888885498,1.4228495359420776,0.6367794871330261,-1.0455950498580933,0.7814595103263855,0.5719371438026428,0.766156017780304,1.0646108388900757,0.5337304472923279,0.10137925297021866,0.685714066028595,0.557016134262085,-0.3138662874698639,-0.02258891426026821,0.5396019220352173,-0.9973082542419434,1.4466423988342285,0.6526455879211426,-0.666763424873352,0.5832144021987915,0.485486775636673,0.6390606760978699,-0.189022034406662,0.5522362589836121
-0.20097120106220245,1.4074101448059082,0.6458615064620972,-1.0392531156539917,0.7815894484519958,0.575412392616272,0.7525731921195984,1.0793259143829346,0.5338865518569946,0.10489080846309662,0.6880962252616882,0.5650293231010437,-0.31402787566185,-0.02011791057884693,0.5407514572143555,-1.0118489265441895,1.4501979351043701,0.6519255638122559,-0.6497939825057983,0.5806158781051636,0.48777058720588684,0.6170018315315247,-0.18341654539108276,0.5574347376823425
-0.20226407051086426,1.4061611890792847,0.6556262969970703,-1.0344808101654053,0.7879409193992615,0.5748231410980225,0.7380562424659729,1.1037075519561768,0.5354434251785278,0.1107080802321434,0.6927798390388489,0.5699675679206848,-0.30204832553863525,-0.01933644525706768,0.5450109243392944,-1.024495244026184,1.4577125310897827,0.6597204208374023,-0.634993314743042,0.5708168745040894,0.4850495159626007,0.5974440574645996,-0.17806628346443176,0.5587931871414185
-0.20375296473503113,1.4161571264266968,0.6556212306022644,-1.0310477018356323,0.7991898059844971,0.5691015124320984,0.7273301482200623,1.1232905387878418,0.538132905960083,0.11250190436840057,0.6976562142372131,0.5688908696174622,-0.2818678915500641,-0.020802345126867294,0.5463612675666809,-1.0248396396636963,1.4626623392105103,0.6688923835754395,-0.6319390535354614,0.5608011484146118,0.48273971676826477,0.58613520860672,-0.16671417653560638,0.5582634806632996
-0.2065345197916031,1.428465723991394,0.6613396406173706,-1.0296725034713745,0.8169058561325073,0.5712109804153442,0.7300066947937012,1.1182210445404053,0.535271942615509,0.10840915888547897,0.7013583183288574,0.5708364844322205,-0.2622738480567932,-0.023621903732419014,0.5436112880706787,-1.0139896869659424,1.4618562459945679,0.6688553690910339,-0.6442945003509521,0.5580897927284241,0.48523280024528503,0.5823572278022766,-0.15050123631954193,0.5602728724479675
-0.20893992483615875,1.431718349456787,0.6692265868186951,-1.0282996892929077,0.8411847352981567,0.5743482708930969,0.7461791038513184,1.0837150812149048,0.5347153544425964,0.10407817363739014,0.7038742303848267,0.5765998363494873,-0.24892322719097137,-0.023831091821193695,0.5434962511062622,-1.0043917894363403,1.4559179544448853,0.6753147840499878,-0.6600663661956787,0.5609869360923767,0.4839025139808655,0.5802164077758789,-0.1354973465204239,0.5607179403305054
-0.21153610944747925,1.425498366355896,0.6688997745513916,-1.0219882726669312,0.8613051772117615,0.5752668380737305,0.7642220854759216,1.0509834289550781,0.5358709692955017,0.1022048145532608,0.7046643495559692,0.5800406336784363,-0.6593055129051208,0.5626009702682495,0.4767315685749054,-1.0086588859558105,1.4534155130386353,0.6832508444786072,-0.24240583181381226,-0.0182060394436121,0.5415017604827881,0.5693410038948059,-0.12574635446071625,0.5630378723144531
-0.2156325876712799,1.4190961122512817,0.6757652163505554,-1.0185636281967163,0.8562497496604919,0.5733407139778137,0.768755316734314,1.0434364080429077,0.5365265607833862,0.10047361254692078,0.7060823440551758,0.5788205862045288,-0.24091124534606934,-0.011008492670953274,0.5428575873374939,-1.0206925868988037,1.4575190544128418,0.6808918118476868,-0.643822431564331,0.5592108368873596,0.477291464805603,0.5509651899337769,-0.12141506373882294,0.5622161626815796
-0.22253139317035675,1.424472689628601,0.6840683221817017,-1.0185508728027344,0.833350419998169,0.5743300318717957,0.7627491354942322,1.0563292503356934,0.5362830758094788,0.09274791926145554,0.7111842632293701,0.5768014192581177,-0.6259969472885132,0.553032636642456,0.47898468375205994,-1.0280588865280151,1.4634636640548706,0.6891840696334839,-0.24340401589870453,-0.00836564414203167,0.5445877909660339,0.5362550616264343,-0.11309153586626053,0.566573977470398
-0.2281033843755722,1.4383081197738647,0.6831471920013428,-1.020219326019287,0.8151472806930542,0.5782669186592102,0.7587879300117493,1.0684319734573364,0.5386336445808411,0.07705762982368469,0.7179588079452515,0.5743647813796997,-0.24647507071495056,-0.010809819214046001,0.5469306111335754,-1.0247392654418945,1.4658002853393555,0.6984786987304688,-0.6126635670661926,0.5463448166847229,0.47440609335899353,0.5348966717720032,-0.09689831733703613,0.5710036754608154
-0.23150722682476044,1.4486057758331299,0.6900752782821655,-1.020408034324646,0.817258894443512,0.5814040899276733,0.7645589709281921,1.0643894672393799,0.5436389446258545,0.060065433382987976,0.7216331958770752,0.5754482746124268,-0.6065081357955933,0.5418369174003601,0.47316139936447144,-1.0156192779541016,1.4629733562469482,0.6972681879997253,-0.2484821379184723,-0.013787133619189262,0.5486912727355957,0.5415711998939514,-0.07947397232055664,0.5688700675964355
-0.2350326031446457,1.4492453336715698,0.6906086802482605,-1.0165499448776245,0.8342799544334412,0.578641951084137,0.7786562442779541,1.0454436540603638,0.543624222278595,0.05421247333288193,0.7188296318054199,0.5805294513702393,-0.6068156361579895,0.5403782725334167,0.47379225492477417,-1.0090268850326538,1.4588624238967896,0.7027575969696045,-0.24806159734725952,-0.014445347711443901,0.5473944544792175,0.5457110404968262,-0.0636562779545784,0.5664448142051697
-0.23947550356388092,1.442894697189331,0.6886150240898132,-1.0114434957504272,0.8472103476524353,0.5816450715065002,0.7890182733535767,1.0250645875930786,0.5421679019927979,0.06515199691057205,0.7123985290527344,0.5735515356063843,-0.6106789708137512,0.5447722673416138,0.4738602042198181,-1.012528896331787,1.4583430290222168,0.7125710248947144,-0.24587668478488922,-0.011379214003682137,0.5470525026321411,0.5361565351486206,-0.053864967077970505,0.5727458596229553
-0.24411128461360931,1.436990737915039,0.6940857172012329,-1.013079047203064,0.8368370532989502,0.5932201743125916,0.7875962853431702,1.0144007205963135,0.5427798628807068,0.07971681654453278,0.7049887180328369,0.5747285485267639,-0.6136112213134766,0.5525922179222107,0.4696972668170929,-1.0227898359298706,1.4630987644195557,0.710869550704956,-0.24544504284858704,-0.006682703737169504,0.5494048595428467,0.5202632546424866,-0.044823795557022095,0.5759096145629883
-0.24800527095794678,1.4406101703643799,0.6974467635154724,-1.0177676677703857,0.8066779375076294,0.5944634675979614,0.7784842252731323,1.0153594017028809,0.5430032014846802,0.07828322798013687,0.7035167217254639,0.5861315727233887,-0.6149371862411499,0.5609157681465149,0.47116315364837646,-1.034915804862976,1.4706950187683105,0.7135845422744751,-0.24635592103004456,-0.004875658079981804,0.5493166446685791,0.5039429068565369,-0.035772211849689484,0.5738633871078491
-0.2511308193206787,1.4502211809158325,0.693997323513031,-1.0190702676773071,0.7763094305992126,0.5909072756767273,0.7704365849494934,1.0235648155212402,0.5433098077774048,0.06480494141578674,0.7079458236694336,0.5827884674072266,-0.620978593826294,0.5685316920280457,0.4736879765987396,-1.0486079454421997,1.479193925857544,0.7172778248786926,-0.24830351769924164,-0.005867385305464268,0.5507497787475586,0.4874939024448395,-0.026928896084427834,0.5748645663261414
-0.2552138864994049,1.4603315591812134,0.6974884271621704,-1.012762427330017,0.7532975077629089,0.5906484723091125,0.7629161477088928,1.0413825511932373,0.5418768525123596,0.051815468817949295,0.7160784602165222,0.5816932320594788,-0.6349555850028992,0.5739502906799316,0.4705919027328491,-1.066819190979004,1.4893525838851929,0.7148869037628174,-0.252241313457489,-0.006220156326889992,0.5517187714576721,0.4649147391319275,-0.015127173624932766,0.576073169708252
-0.2600891888141632,1.465620994567871,0.7031187415122986,-0.9976812601089478,0.7421375513076782,0.5927965044975281,0.7560709118843079,1.0670608282089233,0.5408188700675964,0.04909883812069893,0.7237018942832947,0.5912725925445557,-0.6583792567253113,0.5764023661613464,0.4702097177505493,-1.0815470218658447,1.4996789693832397,0.7162314057350159,-0.25946590304374695,-0.0019982417579740286,0.5503774881362915,0.4425765573978424,-0.0005600086878985167,0.5737948417663574
-0.2665240168571472,1.465842366218567,0.7030390501022339,-0.9701259732246399,0.7371391654014587,0.5914588570594788,0.7502110600471497,1.1044167280197144,0.5425797700881958,0.0563516691327095,0.7253772020339966,0.5929558277130127,-0.6965318918228149,0.5761381387710571,0.4661570191383362,-1.0879160165786743,1.5038484334945679,0.724844753742218,-0.27238929271698,0.008506204932928085,0.550494909286499,0.4407053589820862,0.017804879695177078,0.5787314772605896
-0.2723671495914459,1.4670122861862183,0.7063624262809753,-0.9277884364128113,0.7342470288276672,0.5894572734832764,0.7466508150100708,1.149256706237793,0.5448063611984253,0.0633474588394165,0.7199483513832092,0.589759886264801,-0.2831003665924072,0.02082916349172592,0.5500860214233398,-1.0799965858459473,1.4987246990203857,0.7302121520042419,-0.7414863109588623,0.5745126605033875,0.47089076042175293,0.4620688259601593,0.034212224185466766,0.5768436789512634
-0.2748340368270874,1.4730721712112427,0.7116771936416626,-0.8761167526245117,0.7322748303413391,0.5903943181037903,0.7455645799636841,1.1936941146850586,0.5426793694496155,0.06121131405234337,0.7153356075286865,0.5940320491790771,-0.7945044040679932,0.5721367001533508,0.4727266728878021,-1.0685510635375977,1.4915030002593994,0.7337900400161743,-0.28377652168273926,0.024650732055306435,0.5498930811882019,0.48452046513557434,0.04200541228055954,0.5737844109535217
-0.2741168439388275,1.486008644104004,0.7126501798629761,-0.807564377784729,0.7312828898429871,0.5889654159545898,0.7490622997283936,1.2218225002288818,0.5463610291481018,0.05176715925335884,0.7203795909881592,0.6046977639198303,-0.2740957736968994,0.01874246820807457,0.5522967576980591,-1.066175103187561,1.4889662265777588,0.7392249703407288,-0.8570200800895691,0.5716990232467651,0.4687871038913727,0.49054163694381714,0.04524751752614975,0.5792456865310669
-0.27525147795677185,1.4932587146759033,0.7125149369239807,-0.719122588634491,0.7301912307739258,0.585197389125824,0.7571088671684265,1.1953785419464111,0.5501231551170349,0.03735654801130295,0.7366843223571777,0.5953906178474426,-0.9299249649047852,0.5748140811920166,0.47351178526878357,-1.076775074005127,1.495415210723877,0.7397277355194092,-0.2651714086532593,0.010139517486095428,0.5527957677841187,0.4814892113208771,0.05227631703019142,0.5770791172981262
-0.2803080976009369,1.493396282196045,0.7216374278068542,-0.6256422996520996,0.7320761680603027,0.5890840291976929,0.7641386389732361,1.137428641319275,0.5452833771705627,0.01815406233072281,0.7663241624832153,0.5932512283325195,-0.9829663634300232,0.5783814191818237,0.47350624203681946,-1.090273380279541,1.4988597631454468,0.7427552938461304,-0.2670016884803772,0.010010860860347748,0.5534075498580933,0.4665956497192383,0.06602263450622559,0.5789856314659119
-0.2860105037689209,1.4931566715240479,0.7228127121925354,-0.9882557392120361,0.5834580659866333,0.4697314500808716,0.7663609981536865,1.0881603956222534,0.545403242111206,-0.006799989379942417,0.8058132529258728,0.6005638837814331,-0.5500558614730835,0.7340112328529358,0.5950912237167358,-1.1006195545196533,1.4914792776107788,0.7449721097946167,-0.2769983112812042,0.016261566430330276,0.5529283285140991,0.4471816122531891,0.08515268564224243,0.5834303498268127
-0.29013705253601074,1.4943822622299194,0.7257212996482849,-0.9454894661903381,0.5839737057685852,0.4705546200275421,0.7641905546188354,1.0553487539291382,0.5483550429344177,-0.02932611294090748,0.8455017805099487,0.5975181460380554,-0.5399181246757507,0.7245516180992126,0.5967292189598083,-1.1063259840011597,1.474193811416626,0.743075966835022,-0.2913244366645813,0.027119318023324013,0.5513983964920044,0.4211898148059845,0.10972076654434204,0.5808133482933044
-0.2917901575565338,1.496215581893921,0.7372971177101135,-0.8995682001113892,0.5753761529922485,0.47212040424346924,0.7607797980308533,1.041637897491455,0.5464757680892944,-0.03234964981675148,0.8580268621444702,0.5952770709991455,-0.6027381420135498,0.7128319144248962,0.5884504318237305,-1.1058779954910278,1.4566730260849,0.7461762428283691,-0.3107163608074188,0.04305122792720795,0.5516952276229858,0.3926486372947693,0.13547547161579132,0.5762548446655273
-0.2930827736854553,1.4967011213302612,0.7362391948699951,-0.3339214026927948,0.06267549097537994,0.5514208078384399,0.7576810717582703,1.04038405418396,0.5486735701560974,-0.01717185042798519,0.844243049621582,0.6004406213760376,-0.6675100326538086,0.714858889579773,0.586505115032196,-1.0994081497192383,1.4462978839874268,0.7519232630729675,-0.8894830942153931,0.555852472782135,0.47690629959106445,0.3671039044857025,0.15880830585956573,0.5794190764427185
-0.004819512367248535,0.827046811580658,0.5974138975143433,-0.9132757186889648,0.5360193252563477,0.48027151823043823,0.7573168873786926,1.037993311882019,0.5522744059562683,-0.29772332310676575,1.5004595518112183,0.7386765480041504,-0.6769792437553406,0.7289127707481384,0.5983671545982361,-1.090396523475647,1.4402341842651367,0.7511948347091675,-0.3536772131919861,0.0812854915857315,0.5493633151054382,0.34334850311279297,0.18356072902679443,0.5810807943344116
-0.6262457966804504,0.7395119071006775,0.6009332537651062,-0.35566630959510803,0.08545166254043579,0.5526086688041687,0.7598072290420532,1.0256801843643188,0.5473741888999939,-0.3070838749408722,1.510515570640564,0.7425363659858704,-0.008743174374103546,0.8305152654647827,0.6012836694717407,-1.0870945453643799,1.4331709146499634,0.7529193758964539,-0.9550222754478455,0.5269232988357544,0.47890374064445496,0.3253785967826843,0.20635077357292175,0.5803983211517334
-1.004701852798462,0.5291724801063538,0.4868999123573303,-0.33685800433158875,0.07150460034608841,0.5547791719436646,0.763001561164856,1.004640817642212,0.5458901524543762,-0.31801900267601013,1.5195341110229492,0.7401754856109619,-0.023747965693473816,0.8595595955848694,0.6025403738021851,-1.0978293418884277,1.4180055856704712,0.7568128705024719,-0.5649807453155518,0.7300916910171509,0.5962773561477661,0.3387254774570465,0.2162061631679535,0.585644006729126
-1.0461044311523438,0.5348235964775085,0.48701685667037964,-0.557815670967102,0.7110992074012756,0.606968879699707,0.7634804844856262,0.9901406168937683,0.5506068468093872,-0.32273703813552856,1.5202535390853882,0.7417307496070862,-0.03174129128456116,0.8835875391960144,0.600396990776062,-1.1132938861846924,1.4036153554916382,0.7521836757659912,-0.32040098309516907,0.05820130929350853,0.5525854229927063,0.37013372778892517,0.21246162056922913,0.5828570127487183
-1.0781159400939941,0.5479389429092407,0.4809856414794922,-0.3176892101764679,0.05685308948159218,0.5542373657226562,0.7616923451423645,0.9829582571983337,0.5518907308578491,-0.31681856513023376,1.5184496641159058,0.7489908337593079,-0.030234728008508682,0.8929035067558289,0.6017035841941833,-1.1255443096160889,1.3919246196746826,0.7561976909637451,-0.5988405346870422,0.696183443069458,0.6114267110824585,0.4009164869785309,0.20254994928836823,0.5839717984199524
-1.0785647630691528,0.5603748559951782,0.4876331686973572,-0.3261563777923584,0.06509264558553696,0.556023359298706,0.7603888511657715,0.9800337553024292,0.5527042150497437,-0.3075162470340729,1.5208650827407837,0.7497668862342834,-0.6336552500724792,0.695463240146637,0.6051314473152161,-1.124179482460022,1.385778546333313,0.7619713544845581,-0.02358633652329445,0.887406051158905,0.6013613939285278,0.406778484582901,0.2006407082080841,0.5911267399787903
-1.0579603910446167,0.5740845799446106,0.4949142038822174,-0.34159278869628906,0.07861121743917465,0.5567213296890259,0.7580268383026123,0.9730943441390991,0.5543705821037292,-0.2937677800655365,1.5278054475784302,0.7499504685401917,-1.1122314929962158,1.3787821531295776,0.7636434435844421,-0.6546875834465027,0.7051442265510559,0.6034815311431885,-0.015233307145535946,0.8766968846321106,0.5999559760093689,0.3972037434577942,0.20900341868400574,0.5931379795074463
-1.0149261951446533,0.5794101357460022,0.4834582209587097,-0.35546746850013733,0.08315512537956238,0.5554019808769226,0.7528488039970398,0.9572784304618835,0.5585854649543762,-0.2824060618877411,1.5361436605453491,0.7476931214332581,-1.0949554443359375,1.3697686195373535,0.765955924987793,-0.6237840056419373,0.7203598618507385,0.6142508387565613,0.3773268461227417,0.23094822466373444,0.5872499942779541,-0.015435328707098961,0.8758646845817566,0.6072043776512146
-0.983788788318634,0.5781983137130737,0.485575407743454,-0.35509082674980164,0.07136517018079758,0.555587887763977,0.7522618770599365,0.9447788000106812,0.5575500130653381,-0.2850193679332733,1.5374623537063599,0.7502331733703613,-1.0971344709396362,1.3669744729995728,0.7763210535049438,-0.5720199942588806,0.7196643352508545,0.6180217266082764,0.37703919410705566,0.24576473236083984,0.595899224281311,-0.025825560092926025,0.8904796242713928,0.6051878929138184
-0.9617534279823303,0.5763646960258484,0.4916765093803406,-0.34894904494285583,0.05689461529254913,0.5532434582710266,0.7601422071456909,0.9396364688873291,0.5577170252799988,-0.2955840826034546,1.5395722389221191,0.7525237798690796,-1.111801266670227,1.3728413581848145,0.7746281623840332,-0.5150845646858215,0.7112035751342773,0.6183307766914368,0.3929811716079712,0.2531329393386841,0.5974588394165039,-0.0373692624270916,0.911102294921875,0.6002703905105591
-0.9492021799087524,0.5762395262718201,0.4900478422641754,-0.3453781008720398,0.05071956291794777,0.5495472550392151,0.771524965763092,0.9420745968818665,0.5586705207824707,-0.3092123568058014,1.5461887121200562,0.746859073638916,-1.1311492919921875,1.384243369102478,0.7771636843681335,-0.45419803261756897,0.6999928951263428,0.6144040822982788,0.4091031551361084,0.254516065120697,0.5945891737937927,-0.05345553159713745,0.9416884779930115,0.603539764881134
-0.9453480839729309,0.5773375630378723,0.48928913474082947,-0.3465300500392914,0.0535162128508091,0.5485126376152039,0.7795034646987915,0.9431529641151428,0.5589857697486877,-0.31862425804138184,1.5564106702804565,0.7463722229003906,-1.1495965719223022,1.3990126848220825,0.7818203568458557,-0.4135575592517853,0.6909835934638977,0.613619863986969,0.4076676070690155,0.25154754519462585,0.6004227995872498,-0.07475146651268005,0.9789242148399353,0.6019705533981323
-0.9496757388114929,0.5799211859703064,0.4945557117462158,-0.3489186465740204,0.058259595185518265,0.5509360432624817,0.781696081161499,0.9401422739028931,0.5621963143348694,-0.3259596526622772,1.5686793327331543,0.748986005783081,-1.173251986503601,1.4173741340637207,0.779123842716217,-0.4156586825847626,0.6852545142173767,0.619968831539154,0.39478591084480286,0.24892091751098633,0.5990473628044128,-0.10387981683015823,1.0272465944290161,0.5978390574455261
-0.9600109457969666,0.5819779634475708,0.4937984049320221,-0.3474723994731903,0.05671115592122078,0.5517295002937317,0.7762085795402527,0.9344185590744019,0.5639841556549072,-0.3308781385421753,1.5796841382980347,0.7451958656311035,-1.191733479499817,1.4350265264511108,0.7788658142089844,-0.4582768976688385,0.6885066032409668,0.6213444471359253,0.38112059235572815,0.24970228970050812,0.5963003635406494,-0.13933609426021576,1.082398533821106,0.6053676009178162
-0.9777429699897766,0.5830312371253967,0.49032795429229736,-0.34080982208251953,0.0450868234038353,0.5518484115600586,0.7671968936920166,0.9290337562561035,0.5680915713310242,-0.33420687913894653,1.5885294675827026,0.7470924258232117,-1.192930817604065,1.4397612810134888,0.7952978014945984,-0.5017431378364563,0.6981135606765747,0.6177370548248291,0.3819102942943573,0.25554358959198,0.602909505367279,-0.18640097975730896,1.1472687721252441,0.6058599352836609
-0.9976193904876709,0.5839078426361084,0.49369293451309204,-0.33639395236968994,0.03384282439947128,0.5523396730422974,0.7602625489234924,0.9294968247413635,0.5736162066459656,-0.33757448196411133,1.5927289724349976,0.7500624656677246,-1.1750967502593994,1.429713249206543,0.7974742650985718,-0.4993044435977936,0.7038055658340454,0.6209002733230591,0.3937804698944092,0.26345905661582947,0.6009402871131897,-0.21643471717834473,1.1925122737884521,0.6106055974960327
-1.0136932134628296,0.5862860679626465,0.4965290427207947,-0.33581623435020447,0.02905629575252533,0.5511271357536316,0.7579083442687988,0.9320021271705627,0.5736483335494995,-0.34360069036483765,1.5959128141403198,0.7532371878623962,-1.157355785369873,1.415928602218628,0.7955657243728638,-0.4661496579647064,0.7011435031890869,0.6225586533546448,0.40317708253860474,0.26844584941864014,0.5994488596916199,-0.20924754440784454,1.2002302408218384,0.6110134124755859
-1.0218597650527954,0.592055082321167,0.4951744079589844,-0.33799251914024353,0.02899830974638462,0.5498405694961548,0.7569422721862793,0.9347612857818604,0.5771793723106384,-0.3543670177459717,1.6038082838058472,0.7495443224906921,-1.149076223373413,1.4053692817687988,0.802019476890564,-0.4284107983112335,0.6925763487815857,0.6230533719062805,0.40881699323654175,0.27073392271995544,0.6036577224731445,-0.1558084934949875,1.1612963676452637,0.6108990907669067
-1.0142395496368408,0.5956332087516785,0.49276140332221985,-0.33909574151039124,0.030371787026524544,0.5468698740005493,0.7538954615592957,0.9324371218681335,0.5830288529396057,-0.36324718594551086,1.6145521402359009,0.7520576119422913,-1.1529349088668823,1.4055925607681274,0.8008890151977539,-0.43414750695228577,0.6873765587806702,0.6250980496406555,0.40586456656455994,0.27053022384643555,0.6055068969726562,-0.10238973051309586,1.1110650300979614,0.6154707074165344
-1.007059097290039,0.5960180759429932,0.49461641907691956,-0.341432124376297,0.03493887186050415,0.5457298159599304,0.7491933107376099,0.9271121621131897,0.5807916522026062,-0.3682885766029358,1.6264921426773071,0.7544941902160645,-1.157601237297058,1.409705638885498,0.8042178750038147,-0.4623875617980957,0.687348484992981,0.6255127787590027,0.3986697196960449,0.2694052457809448,0.6070674061775208,-0.06828535348176956,1.0727405548095703,0.6135810613632202
-1.0096176862716675,0.5912399291992188,0.4974896311759949,-0.34866684675216675,0.048120271414518356,0.5447533130645752,0.39434558153152466,0.2690213620662689,0.6067714691162109,-0.37048277258872986,1.6374188661575317,0.7542794346809387,-1.1582849025726318,1.4137927293777466,0.8126761317253113,-0.49299517273902893,0.6924233436584473,0.6226797103881836,0.7415615320205688,0.9211989641189575,0.5853644609451294,-0.049864232540130615,1.0412352085113525,0.6201097965240479
-1.0201236009597778,0.5894222855567932,0.4970339834690094,-0.3536187410354614,0.06002482399344444,0.5431336164474487,0.7349682450294495,0.9210954904556274,0.5935978293418884,-0.37208783626556396,1.6383140087127686,0.7535277605056763,-1.154374361038208,1.4120800495147705,0.812067985534668,-0.4969348907470703,0.6976197957992554,0.6270439028739929,0.3962663412094116,0.270912766456604,0.6072604060173035,-0.05087742581963539,1.0344464778900146,0.6226761937141418
-1.0326063632965088,0.592749834060669,0.5017781257629395,-0.35163646936416626,0.057464659214019775,0.5444403886795044,0.7317884564399719,0.9233447909355164,0.5890519618988037,-0.37823259830474854,1.636314034461975,0.7533718347549438,-1.1509990692138672,1.4064090251922607,0.8167734742164612,-0.4808773398399353,0.6997077465057373,0.6332602500915527,0.4028474688529968,0.274371474981308,0.6088805198669434,-0.06330601125955582,1.050118088722229,0.6172888875007629
-1.047760248184204,0.6006067991256714,0.5050944685935974,-0.34091880917549133,0.03934270143508911,0.5471931099891663,0.4074075520038605,0.2775166928768158,0.6096145510673523,-0.3867853879928589,1.6388700008392334,0.7551844120025635,-1.151963233947754,1.4011224508285522,0.8243001699447632,-0.46611055731773376,0.6974818706512451,0.6347190737724304,0.7322551012039185,0.9224365949630737,0.5907828211784363,-0.07568006962537766,1.0773112773895264,0.6140428781509399
-1.0672211647033691,0.6118924617767334,0.5000991821289062,-0.33089515566825867,0.01746106520295143,0.5421177744865417,0.7346426248550415,0.9161040782928467,0.5970258712768555,-0.3940488398075104,1.6493425369262695,0.753768265247345,-1.1560333967208862,1.400913119316101,0.8248732686042786,-0.4695020616054535,0.6928471326828003,0.6358650326728821,0.40432578325271606,0.27903860807418823,0.6118605136871338,-0.07870723307132721,1.0956344604492188,0.6192139387130737
-1.081382155418396,0.6192373037338257,0.5010566711425781,-0.3282965421676636,0.008857346139848232,0.53896564245224,0.3958032429218292,0.2765507400035858,0.612438440322876,-0.3978062868118286,1.662360429763794,0.7545241713523865,-1.1594020128250122,1.4067506790161133,0.8292449712753296,-0.48717764019966125,0.6920583844184875,0.638392448425293,0.7356744408607483,0.9081891775131226,0.5932409167289734,-0.07202323526144028,1.0936745405197144,0.621315598487854
-1.0895448923110962,0.6186437606811523,0.5084716081619263,-0.33109796047210693,0.013581051491200924,0.5400534272193909,0.7302019000053406,0.9049476981163025,0.5966818928718567,-0.399211585521698,1.6693240404129028,0.7474206686019897,-1.1613410711288452,1.415140986442566,0.8391634821891785,-0.5082374811172485,0.700503408908844,0.6395735144615173,0.3776509761810303,0.2706044614315033,0.6101847887039185,-0.0616825707256794,1.0743769407272339,0.6212040781974792
-1.086069107055664,0.6108716726303101,0.5053442716598511,-0.3361726701259613,0.024821296334266663,0.5393486022949219,0.3528163433074951,0.2649146616458893,0.6076689958572388,-0.3978051543235779,1.6632493734359741,0.7449422478675842,-1.1610419750213623,1.4170451164245605,0.8359235525131226,-0.5127373337745667,0.7112915515899658,0.6422845125198364,0.7216394543647766,0.9091396331787109,0.5995026230812073,-0.05711611732840538,1.0606589317321777,0.6210640668869019
-1.0776854753494263,0.6031463146209717,0.4998588562011719,-0.34415221214294434,0.04060012102127075,0.5387841463088989,0.7159894108772278,0.9158589839935303,0.599197506904602,-0.3965645730495453,1.6527986526489258,0.7522755265235901,-1.1613835096359253,1.415030837059021,0.8334015607833862,-0.5038116574287415,0.7171809673309326,0.6422688961029053,0.31852513551712036,0.2604067921638489,0.6087407469749451,-0.06066535785794258,1.0658495426177979,0.6253383159637451
-1.067733883857727,0.5992473363876343,0.5077245235443115,-0.35758665204048157,0.0614425353705883,0.5407724976539612,0.717458188533783,0.9202886819839478,0.6012780666351318,-0.40020203590393066,1.6475458145141602,0.7563188076019287,-1.1660221815109253,1.4159783124923706,0.8344115614891052,-0.4987024664878845,0.7160338163375854,0.6473702192306519,0.2722940146923065,0.259400874376297,0.6113767623901367,-0.06543511152267456,1.084839105606079,0.6233193278312683
-1.061630129814148,0.6013886332511902,0.5075089931488037,-0.3671340346336365,0.07686640322208405,0.5406041145324707,0.724276602268219,0.9201332926750183,0.6043550372123718,-0.40914931893348694,1.6529150009155273,0.7525186538696289,-1.176740288734436,1.4229204654693604,0.8340137600898743,-0.5073491930961609,0.712136447429657,0.6501394510269165,0.21848589181900024,0.2638022005558014,0.6081298589706421,-0.06846236437559128,1.1050224304199219,0.6182517409324646
-1.061286211013794,0.6051635146141052,0.5038414001464844,-0.36365488171577454,0.07100951671600342,0.5380768179893494,0.7280165553092957,0.917358934879303,0.603823184967041,-0.4183600842952728,1.6635370254516602,0.754371166229248,-1.1878547668457031,1.4352093935012817,0.8325209021568298,-0.5210743546485901,0.7129237651824951,0.6462408900260925,0.16696158051490784,0.26890692114830017,0.6046059131622314,-0.07086404412984848,1.1257275342941284,0.6222214102745056
-1.0706641674041748,0.6088865399360657,0.5100505352020264,-0.34862273931503296,0.047696880996227264,0.5373242497444153,0.7269573211669922,0.9144436717033386,0.604914128780365,-0.4236210882663727,1.6724900007247925,0.7533261179924011,-1.194630742073059,1.4457165002822876,0.8400196433067322,-0.5337821245193481,0.7190380096435547,0.6507981419563293,0.14794740080833435,0.2688900828361511,0.6074365973472595,-0.07812894135713577,1.153507113456726,0.6232253909111023
-1.0823943614959717,0.6107096672058105,0.5114054083824158,-0.33458107709884644,0.023018015548586845,0.5340144634246826,0.7229636311531067,0.9136801362037659,0.6097986102104187,-0.4234807789325714,1.6781936883926392,0.7514638304710388,-1.193000078201294,1.4468437433242798,0.8475207686424255,-0.5410627126693726,0.7237173914909363,0.6614596247673035,0.17240691184997559,0.2656847834587097,0.6172450184822083,-0.08944705128669739,1.1890740394592285,0.6202486753463745
-1.0921146869659424,0.6137012839317322,0.508522629737854,-0.33130988478660583,0.012449702247977257,0.5304701328277588,0.7224764823913574,0.911249577999115,0.6079233288764954,-0.42361292243003845,1.6808313131332397,0.7537277340888977,-1.183971643447876,1.4396291971206665,0.8466375470161438,-0.5434909462928772,0.7218437790870667,0.6589927077293396,0.2067529708147049,0.2633662819862366,0.6123214364051819,-0.10645055025815964,1.2340677976608276,0.6198114156723022
-1.0959863662719727,0.6175884008407593,0.5152891278266907,-0.3388335108757019,0.018357332795858383,0.5323193669319153,0.7243584394454956,0.9080584645271301,0.6057979464530945,-0.4270828366279602,1.6845296621322632,0.7542833685874939,-1.181316614151001,1.433943271636963,0.8488518595695496,-0.5430619716644287,0.7171939611434937,0.6547176837921143,0.21327298879623413,0.26493969559669495,0.607613205909729,-0.12996067106723785,1.2880806922912598,0.6181745529174805
-1.0977654457092285,0.6223106384277344,0.516203761100769,-0.3460768759250641,0.028481468558311462,0.532767653465271,0.7256569266319275,0.9117838144302368,0.6069506406784058,-0.43504106998443604,1.6865392923355103,0.7532031536102295,-1.1877586841583252,1.435404896736145,0.8534137010574341,-0.5462636947631836,0.7150450348854065,0.661346971988678,0.18937604129314423,0.2693714201450348,0.6102127432823181,-0.15163855254650116,1.3342524766921997,0.6278282999992371
-1.099897027015686,0.624517560005188,0.5097095370292664,-0.3432367146015167,0.02750435657799244,0.5327830910682678,0.7245413661003113,0.9272928833961487,0.6081528067588806,-0.44943729043006897,1.6882532835006714,0.7540556788444519,-1.1934946775436401,1.4404431581497192,0.8575872182846069,-0.558722734451294,0.7146415710449219,0.6650136709213257,0.16204510629177094,0.2736727297306061,0.6069532036781311,-0.15153878927230835,1.3412389755249023,0.6323912143707275
-1.104654312133789,0.6235448122024536,0.5140333771705627,-0.3332495093345642,0.015651460736989975,0.5340204238891602,0.7202237844467163,0.9453088641166687,0.6103774905204773,-0.4719339609146118,1.6887131929397583,0.7561715841293335,-1.1949771642684937,1.4439618587493896,0.8597022891044617,-0.5728975534439087,0.7124865055084229,0.6644188165664673,0.15715281665325165,0.2759973704814911,0.6099376678466797,-0.13056713342666626,1.3137643337249756,0.6232959032058716
-1.11025869846344,0.6232027411460876,0.5170625448226929,-0.3242075741291046,0.002748435828834772,0.5329517722129822,0.7150495052337646,0.952174186706543,0.6119781136512756,-0.4898614287376404,1.6914867162704468,0.7554412484169006,-1.1906781196594238,1.4451887607574463,0.8602928519248962,-0.5837893486022949,0.7089654207229614,0.6680810451507568,0.17044523358345032,0.2760314345359802,0.6139437556266785,-0.1088201254606247,1.283608078956604,0.6235572099685669
-1.1146494150161743,0.625210165977478,0.5155767798423767,-0.3193395733833313,-0.008303381502628326,0.5295633673667908,0.7101647257804871,0.9425825476646423,0.6113521456718445,-0.5007058382034302,1.7001078128814697,0.7544906139373779,-1.1852869987487793,1.4383243322372437,0.8605501055717468,-0.5924427509307861,0.7051073908805847,0.6684816479682922,0.19188906252384186,0.27640119194984436,0.611366331577301,-0.09736330062150955,1.2688065767288208,0.6424235105514526
-1.117733359336853,0.6350605487823486,0.5160319209098816,-0.3218570947647095,-0.010573217645287514,0.529749870300293,0.7079848647117615,0.9184592366218567,0.6106551289558411,-0.4909297525882721,1.7142592668533325,0.7567282915115356,-1.1845887899398804,1.4327164888381958,0.8708078861236572,-0.5948024988174438,0.7045906186103821,0.6676743626594543,0.2023100107908249,0.2821609675884247,0.6070913672447205,-0.1053999736905098,1.2857294082641602,0.6463227868080139
-1.117788314819336,0.6453529000282288,0.5172105431556702,-0.32834362983703613,-0.005919521674513817,0.5298611521720886,0.7044252157211304,0.8995270729064941,0.6144700050354004,-0.4689806401729584,1.7227729558944702,0.7552093267440796,-1.18955397605896,1.4296783208847046,0.8709062337875366,-0.5887168049812317,0.7040839195251465,0.6663445830345154,0.19093143939971924,0.2902628481388092,0.6105010509490967,-0.1222764328122139,1.3219233751296997,0.6341080069541931
-1.1189647912979126,0.6525248289108276,0.5146825909614563,-0.33810919523239136,0.0031930040568113327,0.5293731093406677,0.6937767267227173,0.8943343162536621,0.6114668250083923,-0.44720882177352905,1.7193156480789185,0.7543438673019409,-1.1944185495376587,1.4324997663497925,0.8746706247329712,-0.5818575620651245,0.705086886882782,0.6695294976234436,0.17133092880249023,0.296503484249115,0.6089635491371155,-0.14461755752563477,1.3752750158309937,0.6424810290336609
-1.125045895576477,0.6569401025772095,0.5191541910171509,-0.3493044078350067,0.015087899751961231,0.527747631072998,0.6768621802330017,0.9071065783500671,0.6084317564964294,-0.44077032804489136,1.7109856605529785,0.7517942786216736,-1.1936774253845215,1.4343023300170898,0.8815719485282898,-0.5814567804336548,0.7038342952728271,0.6702666282653809,0.16376228630542755,0.2971729040145874,0.606386661529541,-0.16982540488243103,1.4318598508834839,0.648740828037262
-1.1385797262191772,0.6631820201873779,0.5176981091499329,-0.35709625482559204,0.02453439123928547,0.5293983817100525,0.6513628363609314,0.9384046196937561,0.6131564974784851,-0.44447800517082214,1.7041388750076294,0.7502155303955078,-1.1877789497375488,1.4343668222427368,0.8798148036003113,-0.582008957862854,0.6991441249847412,0.6649496555328369,0.17046092450618744,0.29333096742630005,0.608080267906189,-0.18865862488746643,1.4814670085906982,0.6479353308677673
-1.1528321504592896,0.6685311198234558,0.5141981840133667,-0.3529717028141022,0.019669488072395325,0.531322717666626,0.622589647769928,0.9798538684844971,0.6123597621917725,-0.44973185658454895,1.7023636102676392,0.7519594430923462,-1.1834057569503784,1.431323766708374,0.8840190768241882,-0.5827816128730774,0.6959194540977478,0.6680029034614563,0.18197323381900787,0.2898026406764984,0.6084217429161072,-0.1783798187971115,1.4832186698913574,0.6520670056343079
-1.1630445718765259,0.6690415143966675,0.5172749161720276,-0.3408258259296417,0.0037758448161184788,0.5318196415901184,0.5991056561470032,1.0131633281707764,0.6149110198020935,-0.45403745770454407,1.7031593322753906,0.7553377747535706,-1.1833291053771973,1.4270731210708618,0.8915343284606934,-0.5860000848770142,0.6950991153717041,0.6793057322502136,0.1861661672592163,0.2905111014842987,0.6107022762298584,-0.15300846099853516,1.4447720050811768,0.6547842025756836
-1.1662591695785522,0.6651754975318909,0.5216537714004517,-0.3281974494457245,-0.01589970663189888,0.5305113196372986,0.5941063761711121,1.0178793668746948,0.6183862090110779,-0.4564500153064728,1.7047120332717896,0.7531938552856445,-1.1869027614593506,1.4247344732284546,0.8920034766197205,-0.5902395248413086,0.6920334696769714,0.6787295937538147,0.18069139122962952,0.29492467641830444,0.6097822189331055,-0.13049952685832977,1.3936527967453003,0.650537371635437
-1.1622204780578613,0.659710168838501,0.5168672800064087,-0.3243400454521179,-0.02497146464884281,0.528469443321228,0.6089794635772705,0.9860073328018188,0.6123555898666382,-0.45597243309020996,1.7065626382827759,0.7531608939170837,-1.189688801765442,1.4284558296203613,0.8977851867675781,-0.5906133055686951,0.6854853630065918,0.6690710783004761,0.17123794555664062,0.2982845604419708,0.6085464954376221,-0.12914417684078217,1.37837553024292,0.6606350541114807
-1.1570874452590942,0.656377375125885,0.5153095722198486,-0.3291052281856537,-0.022215362638235092,0.5280879139900208,0.6220998764038086,0.9508457779884338,0.6108034253120422,-0.45456451177597046,1.7072519063949585,0.7536329627037048,-1.1894502639770508,1.4331578016281128,0.9033179879188538,-0.5896672010421753,0.6786708831787109,0.6771402359008789,0.16902320086956024,0.2984060049057007,0.6123176217079163,-0.14190882444381714,1.403236746788025,0.6655157804489136
-1.154253602027893,0.6545939445495605,0.5202286839485168,-0.3350079655647278,-0.016964484006166458,0.53001868724823,0.6138727068901062,0.9481863975524902,0.6179006695747375,-0.4541778862476349,1.7069371938705444,0.7528929710388184,-1.1851633787155151,1.4350799322128296,0.9013981223106384,-0.5906942486763,0.6793515086174011,0.6964069604873657,0.17561326920986176,0.29517650604248047,0.6148108243942261,-0.1491740643978119,1.4352343082427979,0.6601831912994385
-1.155808448791504,0.654708743095398,0.5215673446655273,-0.3330335319042206,-0.018901797011494637,0.5306723713874817,0.593021810054779,0.9728215336799622,0.6161085963249207,-0.4545420706272125,1.7046473026275635,0.7529779672622681,-1.1842162609100342,1.438422679901123,0.9013780355453491,-0.5913447737693787,0.6850700974464417,0.6985304951667786,0.18230070173740387,0.29092925786972046,0.613538920879364,-0.14251527190208435,1.441713571548462,0.6627588868141174
-1.162550926208496,0.6557876467704773,0.5189884901046753,-0.32517093420028687,-0.028509872034192085,0.5303703546524048,0.5790063738822937,0.9991544485092163,0.6158111691474915,-0.4543660283088684,1.7035983800888062,0.7517651319503784,-1.1873366832733154,1.4448659420013428,0.9036746621131897,-0.5934378504753113,0.6913750767707825,0.6954958438873291,0.18157640099525452,0.2864707410335541,0.6142886877059937,-0.1250144988298416,1.4201725721359253,0.6675224304199219
-1.1692981719970703,0.6575399041175842,0.5175330638885498,-0.3180879056453705,-0.03803242743015289,0.5303011536598206,0.5848292112350464,1.0014536380767822,0.6274386644363403,-0.4562124013900757,1.7006545066833496,0.7520986795425415,-1.1933175325393677,1.463602900505066,0.9078320264816284,-0.5950171947479248,0.6975634694099426,0.6923624873161316,0.17369894683361053,0.2823682129383087,0.6147017478942871,-0.11036793887615204,1.394457221031189,0.6643602252006531
-1.1730118989944458,0.6589933633804321,0.5207464098930359,-0.3159915804862976,-0.04238955304026604,0.5294281840324402,0.5988175868988037,0.9854645729064941,0.6272835731506348,-0.463447630405426,1.697879433631897,0.7511194944381714,-1.2024295330047607,1.4797217845916748,0.9085838198661804,-0.5950042009353638,0.7002653479576111,0.6932628154754639,0.15846270322799683,0.2785670757293701,0.612589955329895,-0.1053604707121849,1.384770393371582,0.6717687845230103
-1.1740288734436035,0.6601020097732544,0.5252618193626404,-0.3179191052913666,-0.04307912662625313,0.5283113718032837,0.6080405116081238,0.9639451503753662,0.6228178143501282,-0.4824303090572357,1.6929047107696533,0.7505835294723511,-1.213894248008728,1.4883646965026855,0.9133675694465637,-0.5929279923439026,0.7010099291801453,0.6974549293518066,0.13408991694450378,0.2762945592403412,0.6147393584251404,-0.10884764045476913,1.392901062965393,0.6755155920982361
-1.1735953092575073,0.6604756712913513,0.5219576954841614,-0.3220808506011963,-0.042090918868780136,0.5292149186134338,0.600852906703949,0.9572670459747314,0.626497745513916,-0.49958038330078125,1.6888582706451416,0.7497285008430481,-1.2035093307495117,1.4866880178451538,0.9157075881958008,-0.595126748085022,0.6942564845085144,0.7022844552993774,0.10700324922800064,0.27710720896720886,0.6177783608436584,-0.11239225417375565,1.4066530466079712,0.6734620928764343
-1.175453543663025,0.6609910130500793,0.5248945355415344,-0.32888346910476685,-0.03897500038146973,0.5291797518730164,0.5839315056800842,0.9666674733161926,0.6278113126754761,-0.5038653016090393,1.691145658493042,0.7527521848678589,-1.1942356824874878,1.4766626358032227,0.9182788729667664,-0.6015788316726685,0.6843469738960266,0.6965817213058472,0.07983222603797913,0.2808646857738495,0.6172888278961182,-0.10835806280374527,1.4137874841690063,0.6808813810348511
-1.1803805828094482,0.6621004343032837,0.5289171934127808,-0.3401867151260376,-0.03214513510465622,0.5268823504447937,0.5687239170074463,0.9877856969833374,0.6240376830101013,-0.489350825548172,1.69742751121521,0.7507475018501282,-1.1944210529327393,1.475120186805725,0.9235721230506897,-0.6111348271369934,0.6793851256370544,0.6974360942840576,0.07467368990182877,0.2864552438259125,0.619577169418335,-0.09836184978485107,1.4060311317443848,0.6844465136528015
-1.1870853900909424,0.6643106341362,0.5256593823432922,-0.35061201453208923,-0.024669282138347626,0.5274319648742676,0.5536612868309021,1.0221937894821167,0.624975860118866,-0.46438127756118774,1.7045974731445312,0.7496641874313354,-1.2072306871414185,1.4875757694244385,0.9225457310676575,-0.6192781925201416,0.6776692271232605,0.7023841738700867,0.09465377777814865,0.29112085700035095,0.6210520267486572,-0.08666180074214935,1.3907614946365356,0.6844727396965027
-1.1917098760604858,0.6664281487464905,0.5259942412376404,-0.3496529459953308,-0.02529408223927021,0.5309348702430725,0.5362103581428528,1.0696072578430176,0.6277619004249573,-0.4474687874317169,1.7075186967849731,0.7516362071037292,-1.2174224853515625,1.4991730451583862,0.9273040294647217,-0.6246525645256042,0.6767553091049194,0.7030039429664612,0.11778534203767776,0.29368963837623596,0.6171556115150452,-0.08200565725564957,1.3822671175003052,0.692401111125946
-1.1946109533309937,0.667382538318634,0.5343653559684753,-0.3374832570552826,-0.034221261739730835,0.532118022441864,0.5245473384857178,1.1124687194824219,0.6280363202095032,-0.4417819082736969,1.7044425010681152,0.7491955161094666,-1.2207553386688232,1.503618597984314,0.9343513250350952,-0.6262614130973816,0.6753256916999817,0.7062214612960815,0.1244664192199707,0.2974857985973358,0.6194653511047363,-0.08342818170785904,1.3851253986358643,0.6935553550720215
-1.1965537071228027,0.6668265461921692,0.5322098731994629,-0.32483357191085815,-0.04556632786989212,0.5283055305480957,0.5286243557929993,1.1170532703399658,0.6283307075500488,-0.4451514184474945,1.7031301259994507,0.7474846839904785,-1.206110954284668,1.495723843574524,0.9339274764060974,-0.6239708662033081,0.6698555946350098,0.7114697694778442,0.11531608551740646,0.3072678744792938,0.6245898008346558,-0.08475454151630402,1.393479347229004,0.6900371313095093
-1.199045181274414,0.6670553088188171,0.5273230671882629,-0.3237724304199219,-0.050863269716501236,0.5319854021072388,0.5482957363128662,1.073736310005188,0.6291460394859314,-0.4507525563240051,1.7037241458892822,0.7517805099487305,-1.1920524835586548,1.477647066116333,0.9326815605163574,-0.620252251625061,0.6610426902770996,0.7106184363365173,0.10292194038629532,0.3229537308216095,0.6253103017807007,-0.0798346996307373,1.3962550163269043,0.6933595538139343
-1.2035419940948486,0.670312225818634,0.5353253483772278,-0.3323267102241516,-0.0480307936668396,0.5347442626953125,0.5628230571746826,1.028378963470459,0.6258987784385681,-0.4513065814971924,1.7051949501037598,0.7530613541603088,-1.1908162832260132,1.4642480611801147,0.9362817406654358,-0.6200679540634155,0.6553806662559509,0.7097369432449341,0.10461985319852829,0.33473315834999084,0.631147563457489,-0.07502227276563644,1.3902274370193481,0.6972762942314148
-1.2084771394729614,0.6752188801765442,0.5389388203620911,-0.34547844529151917,-0.0406278595328331,0.530062735080719,0.5716152787208557,0.9902225732803345,0.6263227462768555,-0.4460484981536865,1.7052208185195923,0.7516842484474182,-1.1957021951675415,1.4536586999893188,0.9346001744270325,-0.627308189868927,0.654508650302887,0.7128055691719055,0.11827003210783005,0.34314611554145813,0.6325016021728516,-0.0721997544169426,1.3811320066452026,0.6944003701210022
-1.2114678621292114,0.6779648661613464,0.5337633490562439,-0.3609336316585541,-0.029510201886296272,0.5287225246429443,0.5731836557388306,0.9764255285263062,0.6254969835281372,-0.4397050440311432,1.7044463157653809,0.7546104788780212,-1.2030831575393677,1.451963186264038,0.9335254430770874,-0.6381210088729858,0.6561688780784607,0.720186710357666,0.13470354676246643,0.3437577486038208,0.6310683488845825,-0.0728549137711525,1.3769683837890625,0.693567156791687
-1.2144742012023926,0.677337646484375,0.5335326790809631,-0.38063502311706543,-0.01358077209442854,0.529475748538971,0.5693448185920715,0.9837780594825745,0.6248575448989868,-0.4353666603565216,1.701418161392212,0.7527088522911072,-1.2160838842391968,1.4614499807357788,0.9428601861000061,-0.6482880115509033,0.6578924059867859,0.7256285548210144,0.14683669805526733,0.33813077211380005,0.6349482536315918,-0.07524538785219193,1.3815581798553467,0.6988413333892822
-1.220566987991333,0.6742045283317566,0.5340208411216736,-0.40596064925193787,0.008480548858642578,0.5290170907974243,0.5616030693054199,1.0124777555465698,0.6274123191833496,-0.4336913824081421,1.6969553232192993,0.7496176362037659,-1.2140023708343506,1.4702825546264648,0.9443074464797974,-0.6554362177848816,0.6571595072746277,0.721097469329834,0.15211860835552216,0.32976004481315613,0.6351950168609619,-0.07481799274682999,1.3909388780593872,0.6957855820655823
-1.2251081466674805,0.67241370677948,0.5314709544181824,-0.4226108491420746,0.023227035999298096,0.528824508190155,0.5559579133987427,1.037481427192688,0.6276633143424988,-0.4343792498111725,1.6957061290740967,0.7508954405784607,-1.2093313932418823,1.4751471281051636,0.9442809820175171,-0.657034158706665,0.6556604504585266,0.7183717489242554,0.15259738266468048,0.3266564607620239,0.6339247226715088,-0.07309358566999435,1.3935540914535522,0.6916648149490356
-1.2363173961639404,0.6719359755516052,0.5302304029464722,-0.45893505215644836,0.057299185544252396,0.5298759937286377,0.5481005311012268,1.0840171575546265,0.6306238770484924,-0.43564724922180176,1.6964671611785889,0.7495877146720886,-1.196262001991272,1.478976845741272,0.9481239914894104,-0.6620341539382935,0.6534322500228882,0.720099925994873,0.1523800492286682,0.3270470201969147,0.6372957825660706,-0.06767125427722931,1.3895196914672852,0.6935311555862427
-1.2476550340652466,0.6773300766944885,0.5287567973136902,-0.4801059663295746,0.08167539536952972,0.5268614888191223,0.5505625009536743,1.0890893936157227,0.6329912543296814,-0.4365754723548889,1.69900381565094,0.7496737837791443,-1.1930865049362183,1.4855114221572876,0.9486846923828125,-0.6660679578781128,0.6497416496276855,0.7241407036781311,0.1567935347557068,0.3339489698410034,0.6371319890022278,-0.06673254817724228,1.3825000524520874,0.6948768496513367
-1.2583560943603516,0.6875300407409668,0.5245050191879272,-0.474426805973053,0.0798921063542366,0.5282094478607178,0.5608534216880798,1.0563478469848633,0.6312942504882812,-0.4347667694091797,1.7000151872634888,0.7499263882637024,-1.1958069801330566,1.493314266204834,0.948540210723877,-0.6728919148445129,0.641243577003479,0.7266480326652527,0.1661202311515808,0.3410649597644806,0.6302430033683777,-0.07327951490879059,1.3800327777862549,0.6909518241882324
-1.2629796266555786,0.696628212928772,0.527401328086853,-0.4492664635181427,0.054336030036211014,0.5342771410942078,0.5687693357467651,1.0204030275344849,0.6283469796180725,-0.4342684745788574,1.7023024559020996,0.7501338124275208,-1.2029542922973633,1.4937595129013062,0.9547648429870605,-0.6836907267570496,0.6335328817367554,0.7197219133377075,0.1775164157152176,0.34222277998924255,0.6354731321334839,-0.0878458246588707,1.3868787288665771,0.692747950553894
-1.263240933418274,0.7031348943710327,0.5337660908699036,-0.42529597878456116,0.02358316257596016,0.5294102430343628,0.568123996257782,1.003745198249817,0.6315585374832153,-0.43309351801872253,1.701898217201233,0.752267062664032,-1.2023813724517822,1.4887490272521973,0.9592240452766418,-0.7013108134269714,0.6299740076065063,0.7212047576904297,0.19028893113136292,0.33944380283355713,0.6404786705970764,-0.10203368961811066,1.3994417190551758,0.6981174349784851
-1.260920763015747,0.7062358260154724,0.5298121571540833,-0.42242780327796936,0.009811206720769405,0.5212692022323608,0.5604473352432251,1.01630699634552,0.6321698427200317,-0.4326033592224121,1.7000774145126343,0.7522885799407959,-1.1978696584701538,1.4820892810821533,0.9582391977310181,-0.7130946516990662,0.6300626993179321,0.728287935256958,0.2001163363456726,0.3344893753528595,0.6352448463439941,-0.10522118210792542,1.4043910503387451,0.6961840987205505
-1.260230541229248,0.7110413312911987,0.5254026651382446,-0.43948274850845337,0.017506640404462814,0.5225651860237122,0.5506998300552368,1.0491348505020142,0.6291154026985168,-0.43167927861213684,1.6976510286331177,0.74918532371521,-1.196198582649231,1.4801931381225586,0.9662680625915527,-0.7184253334999084,0.629518985748291,0.7265883684158325,0.20116166770458221,0.3308887183666229,0.6365631222724915,-0.09298502653837204,1.39723801612854,0.6937243342399597
-1.2651270627975464,0.721834659576416,0.5302799344062805,-0.46301212906837463,0.037720389664173126,0.5209449529647827,0.5404374003410339,1.0935550928115845,0.6316021680831909,-0.43181338906288147,1.697049617767334,0.7526523470878601,-1.2022442817687988,1.4799065589904785,0.9677392840385437,-0.7209150791168213,0.6254205107688904,0.7260367274284363,0.19651274383068085,0.3320770263671875,0.6384745240211487,-0.07724645733833313,1.3833670616149902,0.6932297945022583
-1.2732794284820557,0.732633113861084,0.5289992690086365,-0.48623016476631165,0.0625588595867157,0.5175457000732422,0.5263727307319641,1.146860957145691,0.6325559616088867,-0.4334558844566345,1.6981325149536133,0.752356767654419,-1.1978334188461304,1.4844162464141846,0.9704847931861877,-0.7255856990814209,0.6217048764228821,0.7320929169654846,0.19398948550224304,0.3356891870498657,0.6347182989120483,-0.06901689618825912,1.3741793632507324,0.6916264295578003
-1.2820440530776978,0.7363461852073669,0.5195388197898865,-0.5129411220550537,0.09329163283109665,0.519297182559967,0.5146399736404419,1.1933835744857788,0.6349336504936218,-0.4351826608181,1.7014930248260498,0.7508664131164551,-1.1973726749420166,1.4837532043457031,0.9785181879997253,-0.733482837677002,0.6206786632537842,0.7311561703681946,0.19786207377910614,0.3376059830188751,0.6358771324157715,-0.07174909114837646,1.375161051750183,0.6911953687667847
-1.287631869316101,0.7284534573554993,0.5233196020126343,-0.5294829607009888,0.11432106047868729,0.5217236876487732,0.5178802609443665,1.192906141281128,0.6381372213363647,-0.43491530418395996,1.704384207725525,0.7512160539627075,-1.197931170463562,1.4844019412994385,0.9799998998641968,-0.7412562966346741,0.6231274604797363,0.7316272854804993,0.20671071112155914,0.336626261472702,0.6406011581420898,-0.07975054532289505,1.3829022645950317,0.6911206245422363
-1.2929768562316895,0.7178019285202026,0.5276319980621338,-0.5268660187721252,0.11138976365327835,0.5170400142669678,0.5298770666122437,1.1571117639541626,0.6352247595787048,-0.433037132024765,1.7066563367843628,0.7523614764213562,-1.1945395469665527,1.4809666872024536,0.9813414812088013,-0.7451525330543518,0.6249027848243713,0.735270082950592,0.2124963253736496,0.3346349000930786,0.6407461762428284,-0.08192310482263565,1.388046383857727,0.6894863247871399
-1.2998046875,0.7103032469749451,0.5220828652381897,-0.5064343214035034,0.08762956410646439,0.5145898461341858,0.5429400205612183,1.1103839874267578,0.6277058720588684,-0.42851895093917847,1.7065099477767944,0.7495844960212708,-1.2012321949005127,1.4778163433074951,0.981575071811676,-0.7439319491386414,0.6222966313362122,0.7336851358413696,0.21559537947177887,0.33459338545799255,0.6431576609611511,-0.0781787633895874,1.3864134550094604,0.6930313110351562
-1.306878685951233,0.7105810642242432,0.5181341171264648,-0.48513635993003845,0.06119060516357422,0.5150213241577148,0.5438022017478943,1.0866386890411377,0.6311242580413818,-0.42573341727256775,1.706376075744629,0.7506061792373657,-1.213228464126587,1.482060194015503,0.9800561666488647,-0.7401219010353088,0.6176506876945496,0.7303794026374817,0.21458439528942108,0.3383021950721741,0.642846941947937,-0.07108265906572342,1.3794302940368652,0.695381224155426
-1.311354398727417,0.7182874083518982,0.5223686099052429,-0.4771944284439087,0.049638938158750534,0.5081515908241272,0.5328627824783325,1.0990853309631348,0.6334173679351807,-0.42577317357063293,1.705830454826355,0.7491732239723206,-1.225327491760254,1.4907844066619873,0.9801955223083496,-0.7354558110237122,0.6131028532981873,0.7325510382652283,0.21166902780532837,0.3446621000766754,0.6405847072601318,-0.065968818962574,1.3701539039611816,0.690517246723175
-1.3128501176834106,0.7266004681587219,0.5209247469902039,-0.4879661202430725,0.05925089493393898,0.5006978511810303,0.5242522954940796,1.1277767419815063,0.6325599551200867,-0.4285200238227844,1.7046611309051514,0.7507230043411255,-1.2334145307540894,1.4973732233047485,0.9874370098114014,-0.7301039099693298,0.6088584065437317,0.7372642159461975,0.21164986491203308,0.3451941907405853,0.6422377824783325,-0.06930878013372421,1.3671587705612183,0.6863278150558472
-1.316170334815979,0.7310510873794556,0.5178365707397461,-0.49838772416114807,0.07018924504518509,0.5075465440750122,0.5289808511734009,1.1373000144958496,0.6395750045776367,-0.43105342984199524,1.702728509902954,0.7508499026298523,-1.226393222808838,1.49609375,0.9886519312858582,-0.7201308012008667,0.6027132272720337,0.7379257678985596,0.2150750458240509,0.3399350047111511,0.6446337699890137,-0.07663701474666595,1.3713929653167725,0.6906479001045227
-1.3185569047927856,0.7324232459068298,0.5235010385513306,-0.4945869445800781,0.06553524732589722,0.515964686870575,0.543484628200531,1.1197766065597534,0.6399003267288208,-0.4308173358440399,1.706068754196167,0.7496817111968994,-1.2004345655441284,1.4913960695266724,0.99640291929245,-0.7039443850517273,0.591614305973053,0.741082489490509,0.21972277760505676,0.3373720347881317,0.6439762115478516,-0.07947606593370438,1.3749281167984009,0.6907091736793518
-1.3224542140960693,0.7335567474365234,0.5245413780212402,-0.4778912365436554,0.046599771827459335,0.5111390352249146,0.5545997619628906,1.0917376279830933,0.6352186799049377,-0.42783278226852417,1.7072652578353882,0.7498600482940674,-1.2188931703567505,1.4845277070999146,1.0026583671569824,-0.6907013058662415,0.5789867639541626,0.7443493604660034,0.22191525995731354,0.34073859453201294,0.6445068717002869,-0.07621824741363525,1.3724050521850586,0.6878230571746826
-1.323161244392395,0.737642765045166,0.5198134779930115,-0.4628198742866516,0.024785935878753662,0.5062921047210693,0.555598258972168,1.0748136043548584,0.634630560874939,-0.42495226860046387,1.7085306644439697,0.750900149345398,-1.2231338024139404,1.486175537109375,0.9990729689598083,-0.6939813494682312,0.5684269666671753,0.749871015548706,0.22080355882644653,0.3452085852622986,0.6431863903999329,-0.070008285343647,1.3664088249206543,0.6929907202720642
-1.3246763944625854,0.7435603737831116,0.52363520860672,-0.45940282940864563,0.012449454516172409,0.5101075172424316,0.5459174513816833,1.078161597251892,0.635349452495575,-0.42431849241256714,1.7089368104934692,0.7506199479103088,-1.231357455253601,1.4909178018569946,1.0065085887908936,-0.7112419605255127,0.5646032094955444,0.750067949295044,0.2180057168006897,0.3489992618560791,0.6467034816741943,-0.06612043082714081,1.3607219457626343,0.6962496042251587
-1.3285962343215942,0.7493990063667297,0.5273770093917847,-0.46615147590637207,0.012109451927244663,0.5088699460029602,0.5337996482849121,1.0971616506576538,0.6320602297782898,-0.4251099228858948,1.7095286846160889,0.7508044838905334,-1.2275770902633667,1.4902887344360352,1.0117366313934326,-0.729485034942627,0.5683543682098389,0.7477381229400635,0.2183348536491394,0.3509746789932251,0.6485980153083801,-0.0672292411327362,1.3563964366912842,0.6937367916107178
-1.333659291267395,0.75186687707901,0.5251635313034058,-0.47399938106536865,0.01644580066204071,0.5067278742790222,0.5192201733589172,1.1297047138214111,0.6336873173713684,-0.42757102847099304,1.7124814987182617,0.7505514025688171,-1.219785213470459,1.485087513923645,1.0130277872085571,-0.7326469421386719,0.5718744993209839,0.7494396567344666,0.223765566945076,0.3508726954460144,0.6434687376022339,-0.07059404253959656,1.3542841672897339,0.6968518495559692
-1.3397198915481567,0.7505988478660583,0.5244908928871155,-0.4721016585826874,0.015161288902163506,0.5128061771392822,0.5021640062332153,1.1751350164413452,0.6360087990760803,-0.4355655908584595,1.715108036994934,0.7500986456871033,-1.2128808498382568,1.476272702217102,1.0147676467895508,-0.7212120890617371,0.5705747008323669,0.7546681761741638,0.22912447154521942,0.3497335612773895,0.6437662243843079,-0.07240781933069229,1.3518502712249756,0.6981676816940308
-1.346215009689331,0.750050961971283,0.5277091860771179,-0.46199676394462585,0.005194372963160276,0.5161226987838745,0.4892341196537018,1.2185949087142944,0.6349796652793884,-0.4499818682670593,1.71925687789917,0.749626874923706,-1.2183809280395508,1.4703736305236816,1.0227253437042236,-0.7078956365585327,0.5640057921409607,0.7568312883377075,0.23192298412322998,0.350551962852478,0.6502553224563599,-0.06990769505500793,1.3477237224578857,0.6948708891868591
-1.3539665937423706,0.751996636390686,0.5301364660263062,-0.4511054456233978,-0.008022484369575977,0.5120638608932495,0.4939194619655609,1.2217711210250854,0.6359969973564148,-0.4652423858642578,1.7231497764587402,0.7516866326332092,-1.2277517318725586,1.4705183506011963,1.0230028629302979,-0.7002536058425903,0.553119421005249,0.7618346810340881,0.23176710307598114,0.35233744978904724,0.6479512453079224,-0.06493163853883743,1.3433902263641357,0.6968619227409363
-1.3611199855804443,0.7554500102996826,0.530626118183136,-0.44775116443634033,-0.01630474254488945,0.5055102109909058,0.5110628008842468,1.1885528564453125,0.6362236142158508,-0.46882596611976624,1.7273190021514893,0.7520017623901367,-1.2309467792510986,1.4722833633422852,1.0246469974517822,-0.697222113609314,0.5410003662109375,0.7604781985282898,0.22972969710826874,0.3562356233596802,0.6472635269165039,-0.060838598757982254,1.3399773836135864,0.6977542042732239
-1.3681702613830566,0.7569565773010254,0.5317166447639465,-0.451709121465683,-0.018028542399406433,0.507287859916687,0.5300994515419006,1.1376774311065674,0.6303654313087463,-0.45488178730010986,1.7273826599121094,0.750764012336731,-1.2221263647079468,1.4706710577011108,1.0366549491882324,-0.70042484998703,0.5289583206176758,0.7525634169578552,0.22831666469573975,0.36461004614830017,0.6596245765686035,-0.06143774837255478,1.3368158340454102,0.6963467001914978
-1.3702839612960815,0.7544563412666321,0.5305911898612976,-0.4545718729496002,-0.017145691439509392,0.5085762143135071,0.5282586216926575,1.1239466667175293,0.6314889788627625,-0.43891528248786926,1.7223360538482666,0.7496675848960876,-1.2196141481399536,1.4654024839401245,1.0419294834136963,-0.7114969491958618,0.5260879397392273,0.7598091959953308,0.22866204380989075,0.3707869052886963,0.6576838493347168,-0.06461867690086365,1.3351707458496094,0.6922931671142578
-1.3703227043151855,0.7510493397712708,0.5274254083633423,-0.4497608542442322,-0.022415781393647194,0.5046631097793579,0.5147517323493958,1.1399282217025757,0.630952000617981,-0.4299679696559906,1.7162859439849854,0.7496870160102844,-1.2201708555221558,1.4585202932357788,1.0449485778808594,-0.7241004705429077,0.5317037105560303,0.7706322073936462,0.23018600046634674,0.37064996361732483,0.6552793979644775,-0.06587278842926025,1.3327796459197998,0.696504533290863
-1.3715202808380127,0.7524327635765076,0.5310090780258179,-0.4385998249053955,-0.033943284302949905,0.5058282613754272,0.5052179098129272,1.1639869213104248,0.6314460039138794,-0.4326852262020111,1.7096186876296997,0.7493991255760193,-1.2218706607818604,1.4572557210922241,1.0474960803985596,-0.73039311170578,0.537846028804779,0.7674968838691711,0.2314184308052063,0.36141160130500793,0.6617615222930908,-0.06269536912441254,1.3275946378707886,0.6987194418907166
-1.373706579208374,0.7600656151771545,0.5310763120651245,-0.4298199713230133,-0.04423527792096138,0.5057188272476196,0.5118527412414551,1.1657049655914307,0.6345365643501282,-0.4425376355648041,1.7060070037841797,0.7503588199615479,-1.223888635635376,1.4612640142440796,1.0476117134094238,-0.7332111597061157,0.5376061201095581,0.766830563545227,0.23251228034496307,0.3515532910823822,0.6637662053108215,-0.05770198628306389,1.3222695589065552,0.6980197429656982
-1.379194974899292,0.7710925936698914,0.5295591950416565,-0.4265251159667969,-0.04933549836277962,0.5012956857681274,0.5301104784011841,1.139299988746643,0.6355851292610168,-0.4501849114894867,1.7063062191009521,0.7493264079093933,-1.224452257156372,1.4661020040512085,1.0464740991592407,-0.7356113791465759,0.5267415046691895,0.7681756019592285,0.23684196174144745,0.3444671332836151,0.6627973318099976,-0.05590075999498367,1.3185932636260986,0.693792462348938
-1.3869235515594482,0.7860457897186279,0.5335214138031006,-0.4293498396873474,-0.04784935712814331,0.5024805068969727,0.5423576235771179,1.110572338104248,0.6335380673408508,-0.44865068793296814,1.7080013751983643,0.751609742641449,-1.2306632995605469,1.471272349357605,1.0472687482833862,-0.7421745657920837,0.5136275291442871,0.7640905380249023,0.2394004762172699,0.33786672353744507,0.6629054546356201,-0.06091548502445221,1.3174349069595337,0.6987956166267395
-1.3969663381576538,0.8024806380271912,0.5344300866127014,-0.4308122396469116,-0.04704170674085617,0.5032474994659424,0.5422496199607849,1.0971040725708008,0.6300995945930481,-0.44195663928985596,1.7082847356796265,0.7497373819351196,-1.2404037714004517,1.4875963926315308,1.0511105060577393,-0.7515373826026917,0.5091269016265869,0.7620710730552673,0.2386135458946228,0.3300895392894745,0.6632407903671265,-0.06943148374557495,1.316866159439087,0.6980535387992859
-1.405159592628479,0.8192470669746399,0.5324496626853943,-0.4272229075431824,-0.05122024193406105,0.503027081489563,0.5330052971839905,1.1001965999603271,0.6306220889091492,-0.4354960322380066,1.7059035301208496,0.7481456398963928,-1.2550342082977295,1.4882593154907227,1.0447559356689453,-0.7601687908172607,0.5154654383659363,0.7726144194602966,0.23377199470996857,0.32239246368408203,0.6627289056777954,-0.08643553406000137,1.3189657926559448,0.6955728530883789
-1.4089391231536865,0.8268354535102844,0.5325121879577637,-0.4191451072692871,-0.06051907315850258,0.5029895305633545,0.526884138584137,1.11003839969635,0.6308717727661133,-0.43347829580307007,1.7032309770584106,0.749030351638794,-1.277356743812561,1.5026789903640747,1.0560541152954102,-0.7658596038818359,0.5263231992721558,0.776362419128418,0.232011616230011,0.320382297039032,0.6652441620826721,-0.11669446527957916,1.3271055221557617,0.6986204385757446
-1.4063009023666382,0.8239067196846008,0.5325965285301208,-0.4135048985481262,-0.06760745495557785,0.5025267601013184,0.5312111973762512,1.1101738214492798,0.6327623128890991,-0.4349026381969452,1.7016068696975708,0.7486365437507629,-1.3005605936050415,1.5150264501571655,1.0454556941986084,-0.770793616771698,0.5316643118858337,0.770732045173645,0.23508208990097046,0.3236902356147766,0.6670418977737427,-0.14085103571414948,1.33527410030365,0.7038013935089111
-1.399101972579956,0.8175750970840454,0.5297453999519348,-0.4111572206020355,-0.07163338363170624,0.5015478134155273,0.5466270446777344,1.0957605838775635,0.6342653036117554,-0.43757039308547974,1.6998430490493774,0.74686199426651,-1.3276495933532715,1.5208278894424438,1.033481478691101,-0.7770466208457947,0.5264060497283936,0.7648517489433289,0.24070365726947784,0.3288474380970001,0.6685672402381897,-0.14482520520687103,1.3386019468307495,0.7047576308250427
-1.3969048261642456,0.8200514912605286,0.5293489694595337,-0.4120264947414398,-0.07148485630750656,0.5004715919494629,0.5596759915351868,1.0779787302017212,0.6321473121643066,-0.44002577662467957,1.6983362436294556,0.7482842206954956,-1.3112341165542603,1.519602656364441,1.0310328006744385,-0.7840126752853394,0.5160700082778931,0.7727901339530945,0.24302075803279877,0.32743605971336365,0.6643512845039368,-0.11822087317705154,1.3302656412124634,0.7014375329017639
-1.4013776779174805,0.8314874768257141,0.5373990535736084,-0.4112687110900879,-0.07212293893098831,0.5005605220794678,0.5625931620597839,1.0666234493255615,0.6301015019416809,-0.4397999048233032,1.6972341537475586,0.748282253742218,-1.272695541381836,1.5208598375320435,1.0405404567718506,-0.7888824939727783,0.5119906663894653,0.7771744728088379,0.24060766398906708,0.3181185722351074,0.6644505858421326,-0.08718883246183395,1.3167074918746948,0.6977342963218689
-1.4082441329956055,0.8437657356262207,0.5377600193023682,-0.4060644507408142,-0.07733716070652008,0.5017318725585938,0.5572101473808289,1.0657954216003418,0.6298187375068665,-0.43851035833358765,1.698434829711914,0.748267650604248,-1.2241836786270142,1.5011683702468872,1.047391414642334,-0.793404757976532,0.5144098401069641,0.773995041847229,0.23698045313358307,0.3090832829475403,0.6694920659065247,-0.06644164770841599,1.3062419891357422,0.6995323896408081
-1.4115490913391113,0.8493935465812683,0.5292564630508423,-0.3993360996246338,-0.08601919561624527,0.5012016296386719,0.5497860312461853,1.0742526054382324,0.6282943487167358,-0.436165988445282,1.6992156505584717,0.7471594214439392,-1.1853606700897217,1.4858142137527466,1.0450224876403809,-0.7959442138671875,0.5143494606018066,0.7772760391235352,0.2368817925453186,0.3087959289550781,0.6699284911155701,-0.05984760820865631,1.303005576133728,0.6972383856773376
-1.4115643501281738,0.848197877407074,0.5300694704055786,-0.39584141969680786,-0.09529246389865875,0.501339316368103,0.5396307706832886,1.093550205230713,0.6280969977378845,-0.43334469199180603,1.6979278326034546,0.7467729449272156,-1.1581573486328125,1.4718953371047974,1.0448880195617676,-0.8011105060577393,0.5090199112892151,0.783900797367096,0.24020828306674957,0.31591689586639404,0.6675655245780945,-0.06498289108276367,1.3057979345321655,0.6962481737136841
-1.4101179838180542,0.8450028896331787,0.5314251184463501,-0.3963400721549988,-0.10058095306158066,0.49983644485473633,0.5278996825218201,1.123090147972107,0.6275907158851624,-0.43215155601501465,1.6942657232284546,0.7473105788230896,-1.1446094512939453,1.4695342779159546,1.0527396202087402,-0.80601567029953,0.5000712871551514,0.7817867398262024,0.2425527125597,0.3216955363750458,0.6674957275390625,-0.07156828045845032,1.3094738721847534,0.6998652815818787
-1.412143349647522,0.846684455871582,0.5303569436073303,-0.39756104350090027,-0.10056500136852264,0.49842897057533264,0.5224041938781738,1.145891785621643,0.6292549967765808,-0.4315417408943176,1.6904587745666504,0.7464742064476013,-1.1469614505767822,1.4685558080673218,1.0507467985153198,-0.8093976974487305,0.49531036615371704,0.7821782231330872,0.24345405399799347,0.32116591930389404,0.6693515777587891,-0.07157469540834427,1.3080267906188965,0.7009891271591187
-1.4163788557052612,0.8511435389518738,0.5328808426856995,-0.395259290933609,-0.099838986992836,0.49891194701194763,0.5292396545410156,1.1415525674819946,0.6297205090522766,-0.43060076236724854,1.6895091533660889,0.7456770539283752,-1.1665788888931274,1.4753516912460327,1.053666114807129,-0.8122771978378296,0.4983304738998413,0.7859699130058289,0.24331223964691162,0.31858202815055847,0.6692537665367126,-0.06691336631774902,1.302498459815979,0.6990962624549866
-1.420606017112732,0.854258120059967,0.5324959754943848,-0.39036738872528076,-0.10379476100206375,0.5013914108276367,0.5462111234664917,1.1065211296081543,0.6275147199630737,-0.42830225825309753,1.6916579008102417,0.7485838532447815,-1.1904878616333008,1.4862207174301147,1.0608090162277222,-0.8150402307510376,0.5048184394836426,0.788266658782959,0.24274489283561707,0.31988856196403503,0.6672523617744446,-0.06362388283014297,1.295349359512329,0.7006333470344543
-1.4207854270935059,0.8546332716941833,0.52968829870224,-0.3853136897087097,-0.1120462641119957,0.5008106231689453,0.5607495307922363,1.0671353340148926,0.62885582447052,-0.42618852853775024,1.6965737342834473,0.7490912079811096,-1.2014960050582886,1.5004345178604126,1.0554808378219604,-0.8195061087608337,0.5083879232406616,0.7922973036766052,0.2421211302280426,0.32652440667152405,0.6708998680114746,-0.06411853432655334,1.291946530342102,0.6997171640396118
-1.4171582460403442,0.852922797203064,0.5269752740859985,-0.3814457654953003,-0.12024755775928497,0.5001980066299438,0.5684831142425537,1.0368651151657104,0.630086362361908,-0.42716076970100403,1.7002110481262207,0.7498812079429626,-1.2140623331069946,1.5149301290512085,1.052463173866272,-0.8228793144226074,0.5053350925445557,0.7930147051811218,0.2408038228750229,0.3350638449192047,0.6746606826782227,-0.0654352605342865,1.2931649684906006,0.7010292410850525
-1.411699652671814,0.8504918217658997,0.528817892074585,-0.37900516390800476,-0.12471546232700348,0.49970564246177673,0.5688976049423218,1.0199708938598633,0.628237247467041,-0.4306906461715698,1.6989878416061401,0.7477237582206726,-1.2322664260864258,1.5327677726745605,1.0594335794448853,-0.8264414668083191,0.4992906451225281,0.7899208068847656,0.23990219831466675,0.33685302734375,0.6763637065887451,-0.06570032984018326,1.294836163520813,0.701582670211792
-1.4105969667434692,0.8494781255722046,0.5277086496353149,-0.3778053820133209,-0.12427280098199844,0.499096155166626,0.5666080117225647,1.0162184238433838,0.6282526254653931,-0.43403902649879456,1.6956840753555298,0.7515544891357422,-1.2217923402786255,1.5361301898956299,1.0635480880737305,-0.8324176669120789,0.4964141249656677,0.7925510406494141,0.24172353744506836,0.32776716351509094,0.6740486025810242,-0.06241067498922348,1.294045329093933,0.6993513703346252
-1.4146881103515625,0.8520724177360535,0.5310438871383667,-0.37605905532836914,-0.12367165833711624,0.4995439350605011,0.566836953163147,1.0174142122268677,0.630255937576294,-0.43515852093696594,1.691969871520996,0.7487254738807678,-1.209627628326416,1.5205918550491333,1.0654796361923218,-0.8410135507583618,0.4977543354034424,0.803661584854126,0.24360163509845734,0.31644195318222046,0.6714595556259155,-0.058478742837905884,1.2897310256958008,0.6969547271728516
-1.4205390214920044,0.8580671548843384,0.5307809114456177,-0.37200066447257996,-0.126761332154274,0.4990650415420532,0.573488175868988,1.0150254964828491,0.6295281052589417,-0.43355074524879456,1.692667007446289,0.7485682368278503,-1.1979204416275024,1.4993983507156372,1.0761332511901855,-0.850225031375885,0.5017107725143433,0.8011113405227661,0.24546946585178375,0.3053039014339447,0.6715149879455566,-0.05664796754717827,1.2839926481246948,0.7030175924301147
-1.4260176420211792,0.8666649460792542,0.5263040065765381,-0.36591285467147827,-0.13240547478199005,0.5008736848831177,0.5805562734603882,1.0085707902908325,0.6292211413383484,-0.4298209547996521,1.6977697610855103,0.7516959309577942,-1.1937923431396484,1.4873905181884766,1.0722185373306274,-0.8589316606521606,0.5069495439529419,0.7913691401481628,0.2433447390794754,0.2919178903102875,0.6694259643554688,-0.057795632630586624,1.28008234500885,0.703721284866333
-1.4312204122543335,0.8794171214103699,0.5311018824577332,-0.36147740483283997,-0.13722112774848938,0.501116156578064,0.5842210054397583,1.0011322498321533,0.6291417479515076,-0.4254588484764099,1.6989613771438599,0.7485854625701904,-1.2021487951278687,1.4847172498703003,1.0685030221939087,-0.8725776672363281,0.5130320191383362,0.7894615530967712,0.2361038774251938,0.2732686400413513,0.6687382459640503,-0.0607009083032608,1.2777204513549805,0.6978276371955872
-1.4327569007873535,0.8912992477416992,0.5334813594818115,-0.3597985506057739,-0.14037224650382996,0.49700745940208435,0.5836992859840393,0.9941926598548889,0.6279820203781128,-0.42362651228904724,1.6899933815002441,0.7469816207885742,-1.2251898050308228,1.4983144998550415,1.0724906921386719,-0.8993563055992126,0.5217134952545166,0.7999270558357239,0.22714419662952423,0.25389426946640015,0.6711021065711975,-0.06328484416007996,1.2766097784042358,0.7023105621337891
-1.4303220510482788,0.8921182155609131,0.5274485349655151,-0.361370712518692,-0.1406060755252838,0.49927806854248047,0.5824574828147888,0.9891880750656128,0.6275767087936401,-0.424991250038147,1.6802188158035278,0.749656081199646,-1.2241796255111694,1.501214623451233,1.0797617435455322,-0.921197772026062,0.5302109718322754,0.8020898699760437,0.2276940643787384,0.25178423523902893,0.6707238554954529,-0.06202643737196922,1.2768213748931885,0.7068251371383667
-1.4246267080307007,0.8858740329742432,0.5280922651290894,-0.36234959959983826,-0.14127209782600403,0.5011835694313049,0.5834493041038513,0.9846189022064209,0.6311578750610352,-0.42834264039993286,1.676720142364502,0.7496411800384521,-1.2041045427322388,1.5110622644424438,1.0822994709014893,-0.926920473575592,0.5295896530151367,0.7908413410186768,0.23823243379592896,0.264559805393219,0.6674547791481018,-0.05771924927830696,1.2776685953140259,0.7025996446609497
-1.4213881492614746,0.8814842700958252,0.5286024212837219,-0.3609013855457306,-0.14379553496837616,0.4994086027145386,0.5868033170700073,0.9805445671081543,0.6289306282997131,-0.43034476041793823,1.6806859970092773,0.7503673434257507,-1.1927146911621094,1.5083438158035278,1.0829795598983765,-0.9198910593986511,0.5202038288116455,0.7998802661895752,0.24647939205169678,0.273738294839859,0.6703466176986694,-0.054948028177022934,1.2775719165802002,0.7046548128128052
-1.4225879907608032,0.8827358484268188,0.528578519821167,-0.35606059432029724,-0.1492176055908203,0.4976222813129425,0.5896345376968384,0.9783324599266052,0.6279560923576355,-0.4315929114818573,1.6867485046386719,0.750679612159729,-1.1898850202560425,1.50531005859375,1.0932565927505493,-0.9129583835601807,0.5087566375732422,0.8093802332878113,0.24878576397895813,0.27344831824302673,0.6693465709686279,-0.053424835205078125,1.2759342193603516,0.7060457468032837
-1.4271060228347778,0.8905335068702698,0.5271172523498535,-0.35315871238708496,-0.15511482954025269,0.5000244379043579,0.587374210357666,0.9849210381507874,0.6284721493721008,-0.4309857189655304,1.6903163194656372,0.7515031695365906,-1.211741328239441,1.5023936033248901,1.0968632698059082,-0.916642963886261,0.5030471682548523,0.7998688817024231,0.24192571640014648,0.26515617966651917,0.6695363521575928,-0.05384969711303711,1.2734571695327759,0.699809730052948
-1.4324108362197876,0.8962149024009705,0.5263091921806335,-0.3548760712146759,-0.15818648040294647,0.5018202066421509,0.579707145690918,1.0028574466705322,0.6283676624298096,-0.4291229844093323,1.6927545070648193,0.7531362771987915,-1.2209171056747437,1.5105990171432495,1.0941359996795654,-0.9324049353599548,0.5067658424377441,0.7986714839935303,0.23382095992565155,0.25934040546417236,0.6732250452041626,-0.05360046774148941,1.2740017175674438,0.7033537030220032
-1.4363828897476196,0.8948789834976196,0.5269317626953125,-0.35817888379096985,-0.15897396206855774,0.5010316371917725,0.5729213356971741,1.0191774368286133,0.6290200352668762,-0.4271806478500366,1.693366289138794,0.7527385950088501,-1.2171745300292969,1.5095218420028687,1.0972403287887573,-0.9479560256004333,0.5114513039588928,0.8097125291824341,0.23173722624778748,0.26065802574157715,0.6730979681015015,-0.052889227867126465,1.2766387462615967,0.7075865268707275
-1.4402892589569092,0.8859493136405945,0.5269470810890198,-0.36043649911880493,-0.15978510677814484,0.5001789927482605,0.5736896395683289,1.022660732269287,0.6284695267677307,-0.4250662326812744,1.6940529346466064,0.7524165511131287,-1.1981861591339111,1.5118582248687744,1.1015326976776123,-0.9564415812492371,0.5113906264305115,0.8170017004013062,0.23687727749347687,0.2685515284538269,0.6729098558425903,-0.05081765353679657,1.2813931703567505,0.7065326571464539
-1.4439802169799805,0.8768306970596313,0.5258541703224182,-0.3594464957714081,-0.16148942708969116,0.5015195608139038,0.5801389813423157,1.0086102485656738,0.629959762096405,-0.42305228114128113,1.697365403175354,0.7508429884910583,-1.177399754524231,1.5097682476043701,1.0998823642730713,-0.9548386931419373,0.5066351890563965,0.8151165843009949,0.2435818612575531,0.2735941410064697,0.6728895306587219,-0.05122442916035652,1.2882225513458252,0.7064962983131409
-1.447894811630249,0.8718199729919434,0.5255937576293945,-0.3552201986312866,-0.16485321521759033,0.5032211542129517,0.590089738368988,0.9823525547981262,0.6302852034568787,-0.4209238886833191,1.7027052640914917,0.7505293488502502,-1.1766164302825928,1.5122830867767334,1.1075992584228516,-0.9519093036651611,0.49706897139549255,0.8185979723930359,0.25113072991371155,0.2730717957019806,0.6732136011123657,-0.057573650032281876,1.3009051084518433,0.7068147659301758
-1.4492133855819702,0.8757763504981995,0.5269713997840881,-0.3517182767391205,-0.16757240891456604,0.5039637088775635,0.5942294001579285,0.9628365635871887,0.6295203566551208,-0.42041370272636414,1.7053333520889282,0.7528550624847412,-1.1881859302520752,1.5117592811584473,1.104723334312439,-0.9531283974647522,0.4881608188152313,0.8201522827148438,0.25373730063438416,0.2658022940158844,0.6747866272926331,-0.0650189071893692,1.3118319511413574,0.7109646201133728
-1.4483633041381836,0.8828098773956299,0.5257824063301086,-0.3498803377151489,-0.1700008064508438,0.5035303831100464,0.5898628234863281,0.9569110870361328,0.6283650994300842,-0.42216137051582336,1.7042616605758667,0.7512633204460144,-1.1906521320343018,1.5197203159332275,1.1166925430297852,-0.9642052054405212,0.4820040464401245,0.8172921538352966,0.2518952488899231,0.2579348683357239,0.6733312010765076,-0.06396056711673737,1.3130428791046143,0.7115300297737122
-1.448106050491333,0.8841809630393982,0.5280148983001709,-0.3494543135166168,-0.17219914495944977,0.5018584728240967,0.5761801600456238,0.9687929153442383,0.6269534826278687,-0.42505359649658203,1.7027798891067505,0.7492383122444153,-1.2027149200439453,1.5161552429199219,1.1225059032440186,-0.9835733771324158,0.481049120426178,0.8183450102806091,0.24904972314834595,0.25999686121940613,0.673366129398346,-0.05616683140397072,1.3008670806884766,0.7076840400695801
-1.4504220485687256,0.8787165880203247,0.5270287394523621,-0.3496825397014618,-0.1744507998228073,0.5016517639160156,0.5542293787002563,0.9967766404151917,0.6268739104270935,-0.4263482689857483,1.7065304517745972,0.7499040365219116,-1.1922352313995361,1.517513632774353,1.1196702718734741,-0.9971544146537781,0.48285168409347534,0.8210170865058899,0.2481270432472229,0.2695549428462982,0.6764271259307861,-0.04876885935664177,1.2871431112289429,0.7043264508247375
-1.4567230939865112,0.8707649111747742,0.5221141576766968,-0.3488420844078064,-0.178749680519104,0.5013900995254517,0.5220158100128174,1.0439482927322388,0.6283827424049377,-0.4274097979068756,1.7153525352478027,0.7508900165557861,-1.182774543762207,1.5177853107452393,1.1247464418411255,-0.997159481048584,0.4861083924770355,0.8235332369804382,0.25043582916259766,0.27852898836135864,0.6734865307807922,-0.04859483614563942,1.2821778059005737,0.7110676765441895
-1.4675171375274658,0.8668615818023682,0.5256463885307312,-0.3483242690563202,-0.1829768419265747,0.503846287727356,0.4885541498661041,1.0986487865447998,0.6290997266769409,-0.4274595379829407,1.7194744348526,0.7502561211585999,-1.1822450160980225,1.5197863578796387,1.1358728408813477,-0.9919613599777222,0.48748794198036194,0.823334276676178,0.2538279592990875,0.27870818972587585,0.6706456542015076,-0.05310658738017082,1.2867484092712402,0.7186406254768372
-1.486068606376648,0.8660504221916199,0.526374876499176,-0.34637078642845154,-0.18692505359649658,0.5039143562316895,0.44943439960479736,1.1697388887405396,0.6298286318778992,-0.4249519407749176,1.7201554775238037,0.7461658716201782,-1.182606816291809,1.5222810506820679,1.1339536905288696,-0.9892560839653015,0.48542505502700806,0.8271805644035339,0.2562069892883301,0.27183055877685547,0.6735026240348816,-0.05520033836364746,1.2918490171432495,0.7118710875511169
-1.503034234046936,0.8668241500854492,0.5198891162872314,-0.34416380524635315,-0.18982644379138947,0.49982571601867676,0.41275274753570557,1.2458045482635498,0.6300872564315796,-0.4219239354133606,1.7182419300079346,0.7473224401473999,-1.1892449855804443,1.5204625129699707,1.1364690065383911,-0.9883549809455872,0.48064276576042175,0.8307225108146667,0.25535523891448975,0.26801177859306335,0.6759902834892273,-0.05108420178294182,1.2904624938964844,0.7099526524543762
-1.5106992721557617,0.8681700229644775,0.5207774043083191,-0.34273356199264526,-0.1911158710718155,0.5010738372802734,0.391364723443985,1.3099473714828491,0.6309481859207153,-0.4219042658805847,1.715781569480896,0.7475164532661438,-1.1979798078536987,1.517359972000122,1.1515856981277466,-0.9871026873588562,0.4749205708503723,0.8310783505439758,0.2510831356048584,0.27377229928970337,0.6787949204444885,-0.044237714260816574,1.2818589210510254,0.7163377404212952
-1.5064325332641602,0.8685019612312317,0.5242843627929688,-0.3421889543533325,-0.19087257981300354,0.5024082064628601,0.4023146629333496,1.3179136514663696,0.6298394799232483,-0.427397757768631,1.7149821519851685,0.7451124787330627,-1.1916959285736084,1.517295479774475,1.1510062217712402,-0.9822707176208496,0.4703650176525116,0.8345015645027161,0.24658530950546265,0.2874545454978943,0.6764670014381409,-0.039300158619880676,1.2714593410491943,0.716159462928772
-1.4968359470367432,0.8659225702285767,0.5221713781356812,-0.3427703082561493,-0.19049249589443207,0.4987879693508148,0.44463810324668884,1.2472106218338013,0.6275700926780701,-0.44178006052970886,1.7164697647094727,0.7485582828521729,-1.174331784248352,1.5182528495788574,1.1506258249282837,-0.9767128825187683,0.46986326575279236,0.8365862965583801,0.2440945953130722,0.30040299892425537,0.6781995892524719,-0.03947610408067703,1.2697811126708984,0.7118238806724548
-1.4940073490142822,0.8596614599227905,0.5226449966430664,-0.3430973291397095,-0.19044369459152222,0.49745506048202515,0.47600415349006653,1.1720952987670898,0.6183101534843445,-0.4628312885761261,1.7199633121490479,0.7505604028701782,-1.171992301940918,1.5152374505996704,1.1618988513946533,-0.9728094935417175,0.4698491394519806,0.8361207842826843,0.24269936978816986,0.30401188135147095,0.685876190662384,-0.04599998518824577,1.2832173109054565,0.7147175073623657
-1.4999366998672485,0.8514792323112488,0.5220674872398376,-0.34361737966537476,-0.19031547009944916,0.4993683099746704,0.47672799229621887,1.1379231214523315,0.6204987168312073,-0.48252439498901367,1.7200409173965454,0.7468578815460205,-1.174479603767395,1.5124439001083374,1.1654311418533325,-0.9724041819572449,0.46650347113609314,0.8429379463195801,0.24039511382579803,0.30249062180519104,0.6890161633491516,-0.05938313901424408,1.3123219013214111,0.7175519466400146
